1	Elle	elle	CLS	CLS	n=s|g=f|p=3	2	suj	2	suj	CO-3e-2018-FSBJC6-D1-R12-V1_N.ac	1	1	1	5	_	1	5	consigne	_	_	_	_	_	is_GNon_incertDNon_incertRNon	1-5	_	_	_	_	_	_
2	habitait	habiter	V	V	n=s|t=I|p=3	0	root	0	root	CO-3e-2018-FSBJC6-D1-R12-V1_N.ac	1	6	1	14	imparfait	6	14	consigne	_	_	_	_	_	_	_	_	_	_	_	_	_
3	dans	dans	P	P		2	mod	2	mod	CO-3e-2018-FSBJC6-D1-R12-V1_N.ac	1	15	1	19	_	15	19	consigne	_	_	_	_	_	_	_	_	_	_	_	_	_
4	cette	cette	DET	DET	n=s|g=f	5	det	5	det	CO-3e-2018-FSBJC6-D1-R12-V1_N.ac	1	20	1	25	_	20	25	consigne	_	_	_	_	_	_	_	_	_	_	_	_	_
5	maison	maison	NC	NC	n=s|g=f	3	prep	3	prep	CO-3e-2018-FSBJC6-D1-R12-V1_N.ac	1	26	1	32	_	26	32	consigne	_	_	_	_	_	_	_	_	_	_	_	_	_
6	depuis	depuis	P	P		2	mod	2	mod	CO-3e-2018-FSBJC6-D1-R12-V1_N.ac	1	33	1	39	_	33	39	consigne	_	_	_	_	_	_	_	_	_	_	_	_	_
7	longtemps	longtemps	ADV	ADV		6	mod	6	mod	CO-3e-2018-FSBJC6-D1-R12-V1_N.ac	1	40	1	49	_	40	49	consigne	_	_	_	_	_	_	_	_	_	_	_	_	_
8	.	.	PONCT	PONCT		7	ponct	7	ponct	CO-3e-2018-FSBJC6-D1-R12-V1_N.ac	1	49	1	50	_	49	50	consigne	_	_	_	_	_	_	_	_	_	_	_	_	_
"
"
1	Jusqu'	jusque	P	P		5	mod	5	mod	CO-3e-2018-FSBJC6-D1-R12-V1_N.ac	1	51	1	57	_	51	57	_	del	56-56	Err	Jusqu-	51-57	_	_	_	_	_	_	_	_
2	ici	ici	ADV	ADV		3	mod	3	mod	CO-3e-2018-FSBJC6-D1-R12-V1_N.ac	1	57	1	60	_	57	60	_	_	_	_	_	_	_	_	_	_	_	_	_	_
3	tout	tout	PRO	PRO	n=s|g=m	1	prep	1	prep	CO-3e-2018-FSBJC6-D1-R12-V1_N.ac	1	61	1	65	_	61	65	_	_	_	_	_	_	_	_	_	_	_	_	_	_
4	se	se	CLR	CLR	n=p,s|p=3	5	aff	5	aff	CO-3e-2018-FSBJC6-D1-R12-V1_N.ac	1	66	1	68	_	66	68	_	_	_	_	_	_	_	_	_	_	_	_	_	_
5	passait	passer	V	V	n=s|t=I|p=3	0	root	0	root	CO-3e-2018-FSBJC6-D1-R12-V1_N.ac	1	69	1	76	imparfait	69	76	_	_	_	Err	passais	69-76	_	_	_	_	_	_	_	_
6	bien	bien	ADV	ADV		8	mod	8	mod	CO-3e-2018-FSBJC6-D1-R12-V1_N.ac	1	77	1	81	_	77	81	_	_	_	_	_	_	_	_	_	_	_	_	_	_
7	elle	elle	CLS	CLS	n=s|g=f|p=3	8	suj	8	suj	CO-3e-2018-FSBJC6-D1-R12-V1_N.ac	1	82	1	86	_	82	86	_	_	_	_	_	_	is_GNon_incertDNon_incertRNon	82-86	_	_	_	_	_	_
8	venait	venir	V	V	n=s|t=I|p=3	5	mod	5	mod	CO-3e-2018-FSBJC6-D1-R12-V1_N.ac	1	87	1	93	imparfait	87	93	_	_	_	Err	venais	87-93	_	_	_	_	_	_	_	_
9	d'	de	P	P		8	mod	8	mod	CO-3e-2018-FSBJC6-D1-R12-V1_N.ac	1	94	1	96	_	94	96	_	_	_	_	_	_	_	_	_	_	_	_	_	_
10	avoir	avoir	VINF	VINF	t=W	9	prep	9	prep	CO-3e-2018-FSBJC6-D1-R12-V1_N.ac	1	96	1	101	_	96	101	_	_	_	_	_	_	_	_	_	_	_	_	_	_
11	quatorze	quatorze	DET	DET	s=card|n=p	12	det	12	det	CO-3e-2018-FSBJC6-D1-R12-V1_N.ac	1	102	1	110	_	102	110	_	_	_	_	_	_	_	_	_	_	_	_	_	_
12	ans	an	NC	NC	n=p|g=m	10	obj	10	obj	CO-3e-2018-FSBJC6-D1-R12-V1_N.ac	1	111	1	114	_	111	114	_	_	_	_	_	_	_	_	_	_	_	_	_	_
13	et	et	CC	CC		8	coord	8	coord	CO-3e-2018-FSBJC6-D1-R12-V1_N.ac	1	115	1	117	_	115	117	_	_	_	_	_	_	_	_	_	_	_	_	_	_
14	elle	elle	CLS	CLS	n=s|g=f|p=3	17	suj	17	suj	CO-3e-2018-FSBJC6-D1-R12-V1_N.ac	1	118	1	122	_	118	122	_	_	_	_	_	_	is_GNon_incertDNon_incertRNon	118-122	_	_	_	_	_	_
15	était	être	V	V	n=s|t=I|p=3	17	aux_pass	17	aux_pass	CO-3e-2018-FSBJC6-D1-R12-V1_N.ac	1	123	1	128	imparfait	123	128	_	_	_	Err	etait	123-128	_	_	_	_	_	_	_	_
16	bien	bien	ADV	ADV		17	mod	17	mod	CO-3e-2018-FSBJC6-D1-R12-V1_N.ac	1	129	1	133	_	129	133	_	_	_	_	_	_	_	_	_	_	_	_	_	_
17	entourée	entourer	VPP	VPP	n=s|g=f|t=K	13	dep_coord	13	dep_coord	CO-3e-2018-FSBJC6-D1-R12-V1_N.ac	1	134	1	142	_	134	142	_	_	_	Err	entouré	134-142	_	_	_	_	_	_	_	_
18	.	.	PONCT	PONCT		17	ponct	17	ponct	CO-3e-2018-FSBJC6-D1-R12-V1_N.ac	1	142	1	143	_	142	143	_	_	_	_	_	_	_	_	_	_	_	_	_	_
"
"
1	Pour	pour	P	P		6	mod	6	mod	CO-3e-2018-FSBJC6-D1-R12-V1_N.ac	1	144	1	148	_	144	148	_	_	_	_	_	_	_	_	_	_	_	_	_	_
2	son	son	DET	DET	n=s|g=m|p=3|poss=s	3	det	3	det	CO-3e-2018-FSBJC6-D1-R12-V1_N.ac	1	149	1	152	_	149	152	_	_	_	_	_	_	is_GNon_incertDNon_incertRNon	149-152	_	_	_	_	_	_
3	anniversaire	anniversaire	NC	NC	n=s|g=m	1	prep	1	prep	CO-3e-2018-FSBJC6-D1-R12-V1_N.ac	1	153	1	165	_	153	165	_	_	_	_	_	_	_	_	_	_	_	_	_	_
4	elle	elle	CLS	CLS	n=s|g=f|p=3	6	suj	6	suj	CO-3e-2018-FSBJC6-D1-R12-V1_N.ac	1	166	1	170	_	166	170	_	_	_	_	_	_	is_GNon_incertDNon_incertRNon	166-170	_	_	_	_	_	_
5	avait	avoir	V	V	n=s|t=I|p=3	6	aux_tps	6	aux_tps	CO-3e-2018-FSBJC6-D1-R12-V1_N.ac	1	171	1	176	imparfait	171	176	_	_	_	_	_	_	_	_	_	_	_	_	_	_
6	demandé	demander	VPP	VPP	n=s|g=m|t=K	0	root	0	root	CO-3e-2018-FSBJC6-D1-R12-V1_N.ac	1	177	1	184	_	177	184	_	_	_	_	_	_	_	_	_	_	_	_	_	_
7	un	un	DET	DET	n=s|g=m	8	det	8	det	CO-3e-2018-FSBJC6-D1-R12-V1_N.ac	1	185	1	187	_	185	187	_	_	_	_	_	_	_	_	_	_	_	_	_	_
8	vélo	vélo	NC	NC	n=s|g=m	6	mod	6	mod	CO-3e-2018-FSBJC6-D1-R12-V1_N.ac	1	188	1	192	_	188	192	_	_	_	_	_	_	_	_	_	_	_	_	_	_
9	ce	ce	PRO	PRO	n=s	6	mod	6	mod	CO-3e-2018-FSBJC6-D1-R12-V1_N.ac	1	193	1	195	_	193	195	_	_	_	Err	se	193-195	_	_	_	_	_	_	_	_
10	que	que	CS	CS		6	mod	6	mod	CO-3e-2018-FSBJC6-D1-R12-V1_N.ac	1	196	1	199	_	196	199	_	_	_	_	_	_	_	_	_	_	_	_	_	_
11	son	son	DET	DET	n=s|g=m|p=3|poss=s	12	det	12	det	CO-3e-2018-FSBJC6-D1-R12-V1_N.ac	1	200	1	203	_	200	203	_	_	_	_	_	_	is_GNon_incertDNon_incertRNon	200-203	_	_	_	_	_	_
12	père	père	NC	NC	n=s|g=m	14	suj	14	suj	CO-3e-2018-FSBJC6-D1-R12-V1_N.ac	1	204	1	208	_	204	208	_	_	_	_	_	_	_	_	_	_	_	_	_	_
13	lui	lui	CLO	CLO	n=s|p=3	14	obj	14	obj	CO-3e-2018-FSBJC6-D1-R12-V1_N.ac	1	209	1	212	_	209	212	_	_	_	_	_	_	is_GNon_incertDNon_incertRNon	209-212	_	_	_	_	_	_
14	acheta	acheter	V	V	n=s|t=J|p=3	10	sub	10	sub	CO-3e-2018-FSBJC6-D1-R12-V1_N.ac	1	213	1	219	passeSimple	213	219	_	_	_	_	_	_	_	_	_	_	_	_	_	_
15	.	.	PONCT	PONCT		14	ponct	14	ponct	CO-3e-2018-FSBJC6-D1-R12-V1_N.ac	1	219	1	220	_	219	220	_	_	_	_	_	_	_	_	_	_	_	_	_	_
"
"
1	Elle	elle	CLS	CLS	n=s|g=f|p=3	2	suj	2	suj	CO-3e-2018-FSBJC6-D1-R12-V1_N.ac	1	221	1	225	_	221	225	_	_	_	_	_	_	is_GNon_incertDNon_incertRNon	221-225	_	_	_	_	_	_
2	allait	aller	V	V	n=s|t=I|p=3	0	root	0	root	CO-3e-2018-FSBJC6-D1-R12-V1_N.ac	1	226	1	232	imparfait	226	232	_	_	_	Err	allais	226-232	_	_	_	_	_	_	_	_
3	tous	tout	ADJ	ADJ	n=p|g=m	5	mod	5	mod	CO-3e-2018-FSBJC6-D1-R12-V1_N.ac	1	233	1	237	_	233	237	_	_	_	Err	tout	233-237	_	_	_	_	_	_	_	_
4	les	les	DET	DET	n=p	5	det	5	det	CO-3e-2018-FSBJC6-D1-R12-V1_N.ac	1	238	1	241	_	238	241	_	_	_	_	_	_	_	_	_	_	_	_	_	_
5	jours	jour	NC	NC	n=p|g=m	2	obj	2	obj	CO-3e-2018-FSBJC6-D1-R12-V1_N.ac	1	242	1	247	_	242	247	_	_	_	_	_	_	_	_	_	_	_	_	_	_
6	à	à	P	P		2	mod	2	mod	CO-3e-2018-FSBJC6-D1-R12-V1_N.ac	1	248	1	249	_	248	249	_	_	_	_	_	_	_	_	_	_	_	_	_	_
7	l'	le	DET	DET	n=s	8	det	8	det	CO-3e-2018-FSBJC6-D1-R12-V1_N.ac	1	250	1	252	_	250	252	_	_	_	_	_	_	_	_	_	_	_	_	_	_
8	école	école	NC	NC	n=s|g=f	6	prep	6	prep	CO-3e-2018-FSBJC6-D1-R12-V1_N.ac	1	252	1	257	_	252	257	_	_	_	_	_	_	_	_	_	_	_	_	_	_
9	avec	avec	P	P		2	mod	2	mod	CO-3e-2018-FSBJC6-D1-R12-V1_N.ac	1	258	1	262	_	258	262	_	_	_	_	_	_	_	_	_	_	_	_	_	_
10	mais	_	VINF	VINF		9	prep	9	prep	CO-3e-2018-FSBJC6-D1-R12-V1_N.ac	1	263	1	267	_	263	267	_	_	_	_	_	_	_	_	_	_	_	_	_	_
11	son	son	DET	DET	n=s|g=m|p=3|poss=s	12	det	12	det	CO-3e-2018-FSBJC6-D1-R12-V1_N.ac	1	268	1	271	_	268	271	_	_	_	_	_	_	is_GNon_incertDNon_incertRNon	268-271	_	_	_	_	_	_
12	père	père	NC	NC	n=s|g=m	10	obj	10	obj	CO-3e-2018-FSBJC6-D1-R12-V1_N.ac	1	272	1	276	_	272	276	_	_	_	_	_	_	_	_	_	_	_	_	_	_
13	lui	lui	CLO	CLO	n=s|p=3	15	obj	15	obj	CO-3e-2018-FSBJC6-D1-R12-V1_N.ac	1	277	1	280	_	277	280	_	_	_	_	_	_	is_GNon_incertDNon_incertRNon	277-280	_	_	_	_	_	_
14	avait	avoir	V	V	n=s|t=I|p=3	15	mod	15	mod	CO-3e-2018-FSBJC6-D1-R12-V1_N.ac	1	281	1	286	imparfait	281	286	_	_	_	Err	avais	281-286	_	_	_	_	_	_	_	_
15	interdit	interdire	V	V	n=s|t=J,P|p=3	2	mod	2	mod	CO-3e-2018-FSBJC6-D1-R12-V1_N.ac	1	287	1	295	present	287	295	_	_	_	Err	interdit, de	287-298	_	_	_	_	_	_	_	_
16	de	de	P	P		15	mod	15	mod	CO-3e-2018-FSBJC6-D1-R12-V1_N.ac	1	296	1	298	_	296	298	_	_	_	Err	interdit, de	287-298	_	_	_	_	_	_	_	_
17	rester	rester	VINF	VINF	t=W	16	prep	16	prep	CO-3e-2018-FSBJC6-D1-R12-V1_N.ac	1	299	1	305	_	299	305	_	_	_	_	_	_	_	_	_	_	_	_	_	_
18	parler	parler	VINF	VINF	t=W	17	obj	17	obj	CO-3e-2018-FSBJC6-D1-R12-V1_N.ac	1	306	1	312	_	306	312	_	_	_	_	_	_	_	_	_	_	_	_	_	_
19	avec	avec	P	P		18	mod	18	mod	CO-3e-2018-FSBJC6-D1-R12-V1_N.ac	1	313	1	317	_	313	317	_	_	_	_	_	_	_	_	_	_	_	_	_	_
20	ses	ses	DET	DET	n=p|p=3|poss=s	21	det	21	det	CO-3e-2018-FSBJC6-D1-R12-V1_N.ac	1	318	1	321	_	318	321	_	subst	318-319	_	_	_	is_GNon_incertDNon_incertRNon	318-321	_	_	_	_	_	_
21	amis	ami	NC	NC	n=p|g=m	19	prep	19	prep	CO-3e-2018-FSBJC6-D1-R12-V1_N.ac	1	322	1	326	_	322	326	_	_	_	_	_	_	_	_	_	_	_	_	_	_
22	après	après	P	P		18	mod	18	mod	CO-3e-2018-FSBJC6-D1-R12-V1_N.ac	1	327	1	332	_	327	332	_	_	_	_	_	_	_	_	_	_	_	_	_	_
23	les	les	DET	DET	n=p	24	det	24	det	CO-3e-2018-FSBJC6-D1-R12-V1_N.ac	1	333	1	336	_	333	336	_	_	_	_	_	_	_	_	_	_	_	_	_	_
24	cours	cour	NC	NC	n=p|g=f	22	prep	22	prep	CO-3e-2018-FSBJC6-D1-R12-V1_N.ac	1	337	1	342	_	337	342	_	_	_	_	_	_	_	_	_	_	_	_	_	_
25	.	.	PONCT	PONCT		24	ponct	24	ponct	CO-3e-2018-FSBJC6-D1-R12-V1_N.ac	1	342	1	343	_	342	343	_	_	_	_	_	_	_	_	_	_	_	_	_	_
"
"
1	Mais	mais	CC	CC		0	root	0	root	CO-3e-2018-FSBJC6-D1-R12-V1_N.ac	1	344	1	348	_	344	348	_	_	_	_	_	_	_	_	_	_	_	_	_	_
2	chaque	chaque	DET	DET	n=s	3	det	3	det	CO-3e-2018-FSBJC6-D1-R12-V1_N.ac	1	349	1	355	_	349	355	_	_	_	_	_	_	_	_	_	_	_	_	_	_
3	jour	jour	NC	NC	n=s|g=m	9	mod	9	mod	CO-3e-2018-FSBJC6-D1-R12-V1_N.ac	1	356	1	360	_	356	360	_	_	_	_	_	_	_	_	_	_	_	_	_	_
4	pendant	pendant	P	P		3	dep	3	dep	CO-3e-2018-FSBJC6-D1-R12-V1_N.ac	1	361	1	368	_	361	368	_	_	_	_	_	_	_	_	_	_	_	_	_	_
5	deux	deux	DET	DET	s=card|n=p	6	det	6	det	CO-3e-2018-FSBJC6-D1-R12-V1_N.ac	1	369	1	373	_	369	373	_	_	_	_	_	_	_	_	_	_	_	_	_	_
6	mois	mois	NC	NC	g=m	4	prep	4	prep	CO-3e-2018-FSBJC6-D1-R12-V1_N.ac	1	374	1	378	_	374	378	_	_	_	_	_	_	_	_	_	_	_	_	_	_
7	elle	elle	CLS	CLS	n=s|g=f|p=3	9	suj	9	suj	CO-3e-2018-FSBJC6-D1-R12-V1_N.ac	1	379	1	383	_	379	383	_	_	_	_	_	_	is_GNon_incertDNon_incertRNon	379-383	_	_	_	_	_	_
8	fut	être	V	V	n=s|t=J|p=3	9	aux_pass	9	aux_pass	CO-3e-2018-FSBJC6-D1-R12-V1_N.ac	1	384	1	387	passeSimple	384	387	_	_	_	_	_	_	_	_	_	_	_	_	_	_
9	tentée	tenter	VPP	VPP	n=s|g=f|t=K	1	dep_coord	1	dep_coord	CO-3e-2018-FSBJC6-D1-R12-V1_N.ac	1	388	1	394	_	388	394	_	_	_	Err	tenter	388-394	_	_	_	_	_	_	_	_
10	par	par	P	P		9	mod	9	mod	CO-3e-2018-FSBJC6-D1-R12-V1_N.ac	1	395	1	398	_	395	398	_	_	_	_	_	_	_	_	_	_	_	_	_	_
11	un	un	DET	DET	n=s|g=m	12	det	12	det	CO-3e-2018-FSBJC6-D1-R12-V1_N.ac	1	399	1	401	_	399	401	_	_	_	_	_	_	_	_	_	_	_	_	_	_
12	chemin	chemin	NC	NC	n=s|g=m	10	prep	10	prep	CO-3e-2018-FSBJC6-D1-R12-V1_N.ac	1	402	1	408	_	402	408	_	_	_	_	_	_	_	_	_	_	_	_	_	_
13	derrière	derrière	P	P		9	mod	9	mod	CO-3e-2018-FSBJC6-D1-R12-V1_N.ac	1	409	1	417	_	409	417	_	_	_	_	_	_	_	_	_	_	_	_	_	_
14	une	une	DET	DET	n=s|g=f	15	det	15	det	CO-3e-2018-FSBJC6-D1-R12-V1_N.ac	1	418	1	421	_	418	421	_	_	_	_	_	_	_	_	_	_	_	_	_	_
15	grande	grand	ADJ	ADJ	n=s|g=f	13	prep	13	prep	CO-3e-2018-FSBJC6-D1-R12-V1_N.ac	1	422	1	428	_	422	428	_	_	_	_	_	_	_	_	_	_	_	_	_	_
16	porte	porter	V	V	n=s|t=P,S|p=1,3	9	mod	9	mod	CO-3e-2018-FSBJC6-D1-R12-V1_N.ac	1	429	1	434	present	429	434	_	_	_	_	_	_	_	_	_	_	_	_	_	_
17	en	en	P	P		16	mod	16	mod	CO-3e-2018-FSBJC6-D1-R12-V1_N.ac	1	435	1	437	_	435	437	_	_	_	_	_	_	_	_	_	_	_	_	_	_
18	métal	métal	NC	NC	n=s|g=m	17	prep	17	prep	CO-3e-2018-FSBJC6-D1-R12-V1_N.ac	1	438	1	443	_	438	443	_	_	_	_	_	_	_	_	_	_	_	_	_	_
19	,	,	PONCT	PONCT		18	ponct	18	ponct	CO-3e-2018-FSBJC6-D1-R12-V1_N.ac	1	443	1	444	_	443	444	_	_	_	_	_	_	_	_	_	_	_	_	_	_
20	qu'	que	PROREL	PROREL		25	mod	25	mod	CO-3e-2018-FSBJC6-D1-R12-V1_N.ac	1	445	1	448	_	445	448	_	_	_	_	_	_	_	_	_	_	_	_	_	_
21	elle	elle	CLS	CLS	n=s|g=f|p=3	25	suj	25	suj	CO-3e-2018-FSBJC6-D1-R12-V1_N.ac	1	448	1	452	_	448	452	_	_	_	_	_	_	is_GNon_incertDNon_incertRNon	448-452	_	_	_	_	_	_
22	n'	ne	ADV	ADV		25	mod	25	mod	CO-3e-2018-FSBJC6-D1-R12-V1_N.ac	1	453	1	455	_	453	455	_	_	_	_	_	_	_	_	_	_	_	_	_	_
23	avait	avoir	V	V	n=s|t=I|p=3	25	aux_tps	25	aux_tps	CO-3e-2018-FSBJC6-D1-R12-V1_N.ac	1	455	1	460	imparfait	455	460	_	_	_	_	_	_	_	_	_	_	_	_	_	_
24	jamais	jamais	ADV	ADV		25	mod	25	mod	CO-3e-2018-FSBJC6-D1-R12-V1_N.ac	1	461	1	467	_	461	467	_	_	_	_	_	_	_	_	_	_	_	_	_	_
25	exploré	explorer	VPP	VPP	n=s|g=m|t=K	18	mod_rel	18	mod_rel	CO-3e-2018-FSBJC6-D1-R12-V1_N.ac	1	468	1	475	_	468	475	_	_	_	_	_	_	_	_	_	_	_	_	_	_
26	.	.	PONCT	PONCT		25	ponct	25	ponct	CO-3e-2018-FSBJC6-D1-R12-V1_N.ac	1	475	1	476	_	475	476	_	_	_	_	_	_	_	_	_	_	_	_	_	_
"
"
1	La	la	DET	DET	n=s|g=f	2	det	2	det	CO-3e-2018-FSBJC6-D1-R12-V1_N.ac	1	477	1	479	_	477	479	_	_	_	_	_	_	_	_	_	_	_	_	_	_
2	tentation	tentation	NC	NC	n=s|g=f	3	suj	3	suj	CO-3e-2018-FSBJC6-D1-R12-V1_N.ac	1	480	1	489	_	480	489	_	_	_	_	_	_	_	_	_	_	_	_	_	_
3	était	être	V	V	n=s|t=I|p=3	0	root	0	root	CO-3e-2018-FSBJC6-D1-R12-V1_N.ac	1	490	1	495	imparfait	490	495	_	_	_	Err	etait	490-495	_	_	_	_	_	_	_	_
4	trop	trop	ADV	ADV		3	mod	3	mod	CO-3e-2018-FSBJC6-D1-R12-V1_N.ac	1	496	1	500	_	496	500	_	_	_	_	_	_	_	_	_	_	_	_	_	_
5	forte	fort	ADJ	ADJ	n=s|g=f	3	ats	3	ats	CO-3e-2018-FSBJC6-D1-R12-V1_N.ac	1	501	1	506	_	501	506	_	_	_	_	_	_	_	_	_	_	_	_	_	_
"
"
1	plus	plus	ADV	ADV		4	mod	4	mod	CO-3e-2018-FSBJC6-D1-R12-V1_N.ac	2	2	2	6	_	507	511	_	_	_	_	_	_	_	_	_	_	_	_	_	_
2	le	le	DET	DET	n=s|g=m	3	det	3	det	CO-3e-2018-FSBJC6-D1-R12-V1_N.ac	2	7	2	9	_	512	514	_	_	_	_	_	_	_	_	_	_	_	_	_	_
3	temps	temps	NC	NC	g=m	4	suj	4	suj	CO-3e-2018-FSBJC6-D1-R12-V1_N.ac	2	10	2	15	_	515	520	_	_	_	_	_	_	_	_	_	_	_	_	_	_
4	passait	passer	V	V	n=s|t=I|p=3	0	root	0	root	CO-3e-2018-FSBJC6-D1-R12-V1_N.ac	2	16	2	23	imparfait	521	528	_	_	_	Err	passé	521-528	_	_	_	_	_	_	_	_
5	,	,	PONCT	PONCT		4	ponct	4	ponct	CO-3e-2018-FSBJC6-D1-R12-V1_N.ac	2	23	2	24	_	528	529	_	_	_	_	_	_	_	_	_	_	_	_	_	_
6	plus	plus	ADV	ADV		4	mod	4	mod	CO-3e-2018-FSBJC6-D1-R12-V1_N.ac	2	25	2	29	_	530	534	_	_	_	_	_	_	_	_	_	_	_	_	_	_
7	cette	cette	DET	DET	n=s|g=f	8	det	8	det	CO-3e-2018-FSBJC6-D1-R12-V1_N.ac	2	30	2	35	_	535	540	_	_	_	_	_	_	_	_	_	_	_	_	_	_
8	soif	soif	NC	NC	n=s|g=f	4	obj	4	obj	CO-3e-2018-FSBJC6-D1-R12-V1_N.ac	2	36	2	40	_	541	545	_	_	_	_	_	_	_	_	_	_	_	_	_	_
9	d'	de	P	P		8	dep	8	dep	CO-3e-2018-FSBJC6-D1-R12-V1_N.ac	2	41	2	43	_	546	548	_	_	_	_	_	_	_	_	_	_	_	_	_	_
10	aventure	aventure	NC	NC	n=s|g=f	9	prep	9	prep	CO-3e-2018-FSBJC6-D1-R12-V1_N.ac	2	43	2	51	_	548	556	_	_	_	_	_	_	_	_	_	_	_	_	_	_
11	grandissait	grandir	V	V	n=s|t=I|p=3	4	mod	4	mod	CO-3e-2018-FSBJC6-D1-R12-V1_N.ac	2	52	2	63	imparfait	557	568	_	_	_	Err	grandissais	557-568	_	_	_	_	_	_	_	_
12	en	en	P	P		11	mod	11	mod	CO-3e-2018-FSBJC6-D1-R12-V1_N.ac	2	64	2	66	_	569	571	_	_	_	_	_	_	_	_	_	_	_	_	_	_
13	elle	elle	PRO	PRO	n=s|g=f|p=3	12	prep	12	prep	CO-3e-2018-FSBJC6-D1-R12-V1_N.ac	2	67	2	71	_	572	576	_	_	_	_	_	_	is_GNon_incertDNon_incertRNon	572-576	_	_	_	_	_	_
14	.	.	PONCT	PONCT		13	ponct	13	ponct	CO-3e-2018-FSBJC6-D1-R12-V1_N.ac	2	71	2	72	_	576	577	_	_	_	_	_	_	_	_	_	_	_	_	_	_
"
"
1	Alors	alors	ADV	ADV		6	mod	6	mod	CO-3e-2018-FSBJC6-D1-R12-V1_N.ac	2	73	2	78	_	578	583	_	_	_	Err	Alan	578-583	_	_	_	_	_	_	_	_
2	ce	ce	DET	DET	n=s|g=m	3	det	3	det	CO-3e-2018-FSBJC6-D1-R12-V1_N.ac	2	79	2	81	_	584	586	_	_	_	Err	se	584-586	_	_	_	_	_	_	_	_
3	jour-là	_	NC	NC		6	mod	6	mod	CO-3e-2018-FSBJC6-D1-R12-V1_N.ac	2	82	2	89	_	587	594	_	_	_	Err	la	591-594	_	_	_	_	_	_	_	_
4	elle	elle	CLS	CLS	n=s|g=f|p=3	6	suj	6	suj	CO-3e-2018-FSBJC6-D1-R12-V1_N.ac	2	90	2	94	_	595	599	_	del	595-595	_	_	_	is_GNon_incertDNon_incertRNon	595-599	_	_	_	_	_	_
5	se	se	CLR	CLR	n=p,s|p=3	6	aff	6	aff	CO-3e-2018-FSBJC6-D1-R12-V1_N.ac	2	95	2	97	_	600	602	_	_	_	_	_	_	_	_	_	_	_	_	_	_
6	décida	décider	V	V	n=s|t=J|p=3	0	root	0	root	CO-3e-2018-FSBJC6-D1-R12-V1_N.ac	2	98	2	104	passeSimple	603	609	_	_	_	Err	decida	603-609	_	_	_	_	_	_	_	_
7	à	à	P	P		6	mod	6	mod	CO-3e-2018-FSBJC6-D1-R12-V1_N.ac	2	105	2	106	_	610	611	_	_	_	Err	de	610-611	_	_	_	_	_	_	_	_
8	désobéir	désobéir	VINF	VINF	t=W	7	prep	7	prep	CO-3e-2018-FSBJC6-D1-R12-V1_N.ac	2	107	2	115	_	612	620	_	_	_	Err	désobeir	612-620	_	_	_	_	_	_	_	_
9	à	à	P	P		8	mod	8	mod	CO-3e-2018-FSBJC6-D1-R12-V1_N.ac	2	116	2	117	_	621	622	_	_	_	_	_	_	_	_	_	_	_	_	_	_
10	son	son	DET	DET	n=s|g=m|p=3|poss=s	11	det	11	det	CO-3e-2018-FSBJC6-D1-R12-V1_N.ac	2	118	2	121	_	623	626	_	_	_	_	_	_	is_GNon_incertDNon_incertRNon	623-626	_	_	_	_	_	_
11	père	père	NC	NC	n=s|g=m	9	prep	9	prep	CO-3e-2018-FSBJC6-D1-R12-V1_N.ac	2	122	2	126	_	627	631	_	_	_	_	_	_	_	_	_	_	_	_	_	_
12	,	,	PONCT	PONCT		11	ponct	11	ponct	CO-3e-2018-FSBJC6-D1-R12-V1_N.ac	2	126	2	127	_	631	632	_	_	_	_	_	_	_	_	_	_	_	_	_	_
13	elle	elle	CLS	CLS	n=s|g=f|p=3	14	suj	14	suj	CO-3e-2018-FSBJC6-D1-R12-V1_N.ac	2	128	2	132	_	633	637	_	_	_	_	_	_	is_GNon_incertDNon_incertRNon	633-637	_	_	_	_	_	_
14	sortit	sortir	V	V	n=s|t=J|p=3	6	mod	6	mod	CO-3e-2018-FSBJC6-D1-R12-V1_N.ac	2	133	2	139	passeSimple	638	644	_	_	_	Err	sortis	638-644	_	_	_	_	_	_	_	_
15	de	de	P	P		14	mod	14	mod	CO-3e-2018-FSBJC6-D1-R12-V1_N.ac	2	140	2	142	_	645	647	_	_	_	_	_	_	_	_	_	_	_	_	_	_
16	cours	cour	NC	NC	n=p|g=f	15	prep	15	prep	CO-3e-2018-FSBJC6-D1-R12-V1_N.ac	2	143	2	148	_	648	653	_	_	_	_	_	_	_	_	_	_	_	_	_	_
17	comme	comme	P	P		14	mod	14	mod	CO-3e-2018-FSBJC6-D1-R12-V1_N.ac	2	149	2	154	_	654	659	_	_	_	_	_	_	_	_	_	_	_	_	_	_
18	d'	de	P	P		17	dep	17	dep	CO-3e-2018-FSBJC6-D1-R12-V1_N.ac	2	155	2	157	_	660	662	_	_	_	_	_	_	_	_	_	_	_	_	_	_
19	habitude	habitude	NC	NC	n=s|g=f	18	prep	18	prep	CO-3e-2018-FSBJC6-D1-R12-V1_N.ac	2	157	2	165	_	662	670	_	_	_	_	_	_	_	_	_	_	_	_	_	_
20	et	et	CC	CC		14	coord	14	coord	CO-3e-2018-FSBJC6-D1-R12-V1_N.ac	2	166	2	168	_	671	673	_	_	_	_	_	_	_	_	_	_	_	_	_	_
21	prit	prendre	V	V	n=s|t=J|p=3	20	dep_coord	20	dep_coord	CO-3e-2018-FSBJC6-D1-R12-V1_N.ac	2	169	2	173	passeSimple	674	678	_	_	_	Err	prenna	674-678	is_GNon_incertDNon_incertRNon	674-678	_	_	_	_	_	_
22	son	son	DET	DET	n=s|g=m|p=3|poss=s	23	det	23	det	CO-3e-2018-FSBJC6-D1-R12-V1_N.ac	2	174	2	177	_	679	682	_	_	_	_	_	_	is_GNon_incertDNon_incertRNon	679-682	_	_	_	_	_	_
23	courage	courage	NC	NC	n=s|g=m	21	obj	21	obj	CO-3e-2018-FSBJC6-D1-R12-V1_N.ac	2	178	2	185	_	683	690	_	_	_	_	_	_	_	_	_	_	_	_	_	_
24	à	à	P	P		21	mod	21	mod	CO-3e-2018-FSBJC6-D1-R12-V1_N.ac	2	186	2	187	_	691	692	_	_	_	_	_	_	_	_	_	_	_	_	_	_
25	deux	deux	DET	DET	s=card|n=p	26	det	26	det	CO-3e-2018-FSBJC6-D1-R12-V1_N.ac	2	188	2	192	_	693	697	_	_	_	Err	demain	693-703	_	_	_	_	_	_	_	_
26	mains	main	NC	NC	n=p|g=f	24	prep	24	prep	CO-3e-2018-FSBJC6-D1-R12-V1_N.ac	2	193	2	198	_	698	703	_	_	_	Err	demain	693-703	_	_	_	_	_	_	_	_
27	et	et	CC	CC		21	coord	21	coord	CO-3e-2018-FSBJC6-D1-R12-V1_N.ac	2	199	2	201	_	704	706	_	_	_	_	_	_	_	_	_	_	_	_	_	_
28	s'	se	CLR	CLR	n=p,s|p=3	29	aff	29	aff	CO-3e-2018-FSBJC6-D1-R12-V1_N.ac	2	202	2	204	_	707	709	_	_	_	_	_	_	in_GNon_incertDNon_incertRNon	707-717	_	_	_	_	_	_
29	approcha	approcher	V	V	n=s|t=J|p=3	27	dep_coord	27	dep_coord	CO-3e-2018-FSBJC6-D1-R12-V1_N.ac	2	204	2	212	passeSimple	709	717	_	_	_	_	_	_	in_GNon_incertDNon_incertRNon	707-717	_	_	_	_	_	_
30	de	de	P	P		29	mod	29	mod	CO-3e-2018-FSBJC6-D1-R12-V1_N.ac	2	213	2	215	_	718	720	_	_	_	_	_	_	_	_	_	_	_	_	_	_
31	la	la	DET	DET	n=s|g=f	32	det	32	det	CO-3e-2018-FSBJC6-D1-R12-V1_N.ac	2	216	2	218	_	721	723	_	_	_	_	_	_	_	_	_	_	_	_	_	_
32	porte	porte	NC	NC	n=s|g=f	30	prep	30	prep	CO-3e-2018-FSBJC6-D1-R12-V1_N.ac	2	219	2	224	_	724	729	_	_	_	Err	porte Une	724-734	_	_	_	_	_	_	_	_
33	.	.	PONCT	PONCT		32	ponct	32	ponct	CO-3e-2018-FSBJC6-D1-R12-V1_N.ac	2	224	2	225	_	729	730	_	_	_	Err	porte Une	724-734	_	_	_	_	_	_	_	_
"
"
1	Une	une	DET	DET	n=s|g=f	2	det	2	det	CO-3e-2018-FSBJC6-D1-R12-V1_N.ac	2	226	2	229	_	731	734	_	_	_	Err	porte Une	724-734	_	_	_	_	_	_	_	_
2	fois	fois	NC	NC	g=f	8	suj	8	suj	CO-3e-2018-FSBJC6-D1-R12-V1_N.ac	2	230	2	234	_	735	739	_	subst	736-737	Err	foit	735-739	_	_	_	_	_	_	_	_
3	devant	devant	P	P		2	dep	2	dep	CO-3e-2018-FSBJC6-D1-R12-V1_N.ac	2	235	2	241	_	740	746	_	_	_	_	_	_	_	_	_	_	_	_	_	_
4	la	la	DET	DET	n=s|g=f	5	det	5	det	CO-3e-2018-FSBJC6-D1-R12-V1_N.ac	2	242	2	244	_	747	749	_	_	_	_	_	_	_	_	_	_	_	_	_	_
5	porte	porte	NC	NC	n=s|g=f	3	prep	3	prep	CO-3e-2018-FSBJC6-D1-R12-V1_N.ac	2	245	2	250	_	750	755	_	_	_	_	_	_	_	_	_	_	_	_	_	_
6	,	,	PONCT	PONCT		5	ponct	5	ponct	CO-3e-2018-FSBJC6-D1-R12-V1_N.ac	2	250	2	251	_	755	756	_	_	_	_	_	_	_	_	_	_	_	_	_	_
7	elle	elle	CLS	CLS	n=s|g=f|p=3	8	suj	8	suj	CO-3e-2018-FSBJC6-D1-R12-V1_N.ac	2	252	2	256	_	757	761	_	_	_	_	_	_	is_GNon_incertDNon_incertRNon	757-761	_	_	_	_	_	_
8	comprit	comprendre	V	V	n=s|t=J|p=3	0	root	0	root	CO-3e-2018-FSBJC6-D1-R12-V1_N.ac	2	257	2	264	passeSimple	762	769	_	_	_	Err	compris	762-769	_	_	_	_	_	_	_	_
9	que	que	CS	CS		8	obj	8	obj	CO-3e-2018-FSBJC6-D1-R12-V1_N.ac	2	265	2	268	_	770	773	_	_	_	_	_	_	_	_	_	_	_	_	_	_
10	cette	cette	DET	DET	n=s|g=f	11	det	11	det	CO-3e-2018-FSBJC6-D1-R12-V1_N.ac	2	269	2	274	_	774	779	_	_	_	_	_	_	_	_	_	_	_	_	_	_
11	porte	porte	NC	NC	n=s|g=f	13	suj	13	suj	CO-3e-2018-FSBJC6-D1-R12-V1_N.ac	2	275	2	280	_	780	785	_	_	_	_	_	_	_	_	_	_	_	_	_	_
12	s'	se	CLR	CLR	n=p,s|p=3	13	aff	13	aff	CO-3e-2018-FSBJC6-D1-R12-V1_N.ac	2	281	2	283	_	786	788	_	_	_	Err	s'ouvrais	786-795	_	_	_	_	_	_	_	_
13	ouvrait	ouvrir	V	V	n=s|t=I|p=3	9	sub	9	sub	CO-3e-2018-FSBJC6-D1-R12-V1_N.ac	2	283	2	290	imparfait	788	795	_	_	_	Err	s'ouvrais	786-795	_	_	_	_	_	_	_	_
14	à	à	P	P		13	mod	13	mod	CO-3e-2018-FSBJC6-D1-R12-V1_N.ac	2	291	2	292	_	796	797	_	_	_	_	_	_	_	_	_	_	_	_	_	_
15	l'	le	DET	DET	n=s	16	det	16	det	CO-3e-2018-FSBJC6-D1-R12-V1_N.ac	2	293	2	295	_	798	800	_	_	_	_	_	_	_	_	_	_	_	_	_	_
16	aide	aide	NC	NC	n=s	14	prep	14	prep	CO-3e-2018-FSBJC6-D1-R12-V1_N.ac	2	295	2	299	_	800	804	_	_	_	_	_	_	_	_	_	_	_	_	_	_
17	d'	de	P	P		13	mod	13	mod	CO-3e-2018-FSBJC6-D1-R12-V1_N.ac	2	300	2	302	_	805	807	_	_	_	_	_	_	_	_	_	_	_	_	_	_
18	un	un	DET	DET	n=s|g=m	19	det	19	det	CO-3e-2018-FSBJC6-D1-R12-V1_N.ac	2	302	2	304	_	807	809	_	_	_	_	_	_	_	_	_	_	_	_	_	_
19	code	code	NC	NC	n=s|g=m	17	prep	17	prep	CO-3e-2018-FSBJC6-D1-R12-V1_N.ac	2	305	2	309	_	810	814	_	_	_	_	_	_	_	_	_	_	_	_	_	_
20	.	.	PONCT	PONCT		19	ponct	19	ponct	CO-3e-2018-FSBJC6-D1-R12-V1_N.ac	2	309	2	310	_	814	815	_	_	_	_	_	_	_	_	_	_	_	_	_	_
"
"
1	Elle	elle	CLS	CLS	n=s|g=f|p=3	2	suj	2	suj	CO-3e-2018-FSBJC6-D1-R12-V1_N.ac	2	311	2	315	_	816	820	_	_	_	_	_	_	is_GNon_incertDNon_incertRNon	816-820	_	_	_	_	_	_
2	attendit	attendre	V	V	n=s|t=J|p=3	0	root	0	root	CO-3e-2018-FSBJC6-D1-R12-V1_N.ac	2	316	2	324	passeSimple	821	829	_	_	_	Err	attendis	821-829	_	_	_	_	_	_	_	_
3	derrière	derrière	P	P		2	mod	2	mod	CO-3e-2018-FSBJC6-D1-R12-V1_N.ac	2	325	2	333	_	830	838	_	_	_	_	_	_	_	_	_	_	_	_	_	_
4	pendant	pendant	P	P		3	dep	3	dep	CO-3e-2018-FSBJC6-D1-R12-V1_N.ac	2	334	2	341	_	839	846	_	_	_	_	_	_	_	_	_	_	_	_	_	_
5	2	2	NC	NC		4	prep	4	prep	CO-3e-2018-FSBJC6-D1-R12-V1_N.ac	2	342	2	343	_	847	848	_	_	_	_	_	_	_	_	_	_	_	_	_	_
6	longues	long	ADJ	ADJ	n=p|g=f	7	mod	7	mod	CO-3e-2018-FSBJC6-D1-R12-V1_N.ac	2	344	2	351	_	849	856	_	_	_	Err	longue	849-856	_	_	_	_	_	_	_	_
7	heures	heure	NC	NC	n=p|g=f	2	mod	2	mod	CO-3e-2018-FSBJC6-D1-R12-V1_N.ac	2	352	2	358	_	857	863	_	_	_	Err	heure	857-863	_	_	_	_	_	_	_	_
8	.	.	PONCT	PONCT		7	ponct	7	ponct	CO-3e-2018-FSBJC6-D1-R12-V1_N.ac	2	358	2	359	_	863	864	_	_	_	Err	. Une	863-868	_	_	_	_	_	_	_	_
"
"
1	Une	une	DET	DET	n=s|g=f	2	det	2	det	CO-3e-2018-FSBJC6-D1-R12-V1_N.ac	2	360	2	363	_	865	868	_	_	_	Err	. Une	863-868	_	_	_	_	_	_	_	_
2	fois	fois	NC	NC	g=f	7	mod	7	mod	CO-3e-2018-FSBJC6-D1-R12-V1_N.ac	2	364	2	368	_	869	873	_	_	_	Err	foit	869-873	_	_	_	_	_	_	_	_
3	la	la	DET	DET	n=s|g=f	4	det	4	det	CO-3e-2018-FSBJC6-D1-R12-V1_N.ac	2	369	2	371	_	874	876	_	_	_	_	_	_	_	_	_	_	_	_	_	_
4	nuit	nuit	NC	NC	n=s|g=f	2	mod	2	mod	CO-3e-2018-FSBJC6-D1-R12-V1_N.ac	2	372	2	376	_	877	881	_	_	_	_	_	_	_	_	_	_	_	_	_	_
5	tombée	tomber	VPP	VPP	n=s|g=f|t=K	4	mod	4	mod	CO-3e-2018-FSBJC6-D1-R12-V1_N.ac	2	377	2	383	_	882	888	_	_	_	_	_	_	_	_	_	_	_	_	_	_
6	elle	elle	CLS	CLS	n=s|g=f|p=3	7	suj	7	suj	CO-3e-2018-FSBJC6-D1-R12-V1_N.ac	2	384	2	388	_	889	893	_	_	_	_	_	_	is_GNon_incertDNon_incertRNon	889-893	_	_	_	_	_	_
7	vit	vivre	V	V	n=s|t=P|p=3	0	root	0	root	CO-3e-2018-FSBJC6-D1-R12-V1_N.ac	2	389	2	392	present	894	897	_	_	_	_	_	_	_	_	_	_	_	_	_	_
8	un	un	DET	DET	n=s|g=m	10	det	10	det	CO-3e-2018-FSBJC6-D1-R12-V1_N.ac	2	393	2	395	_	898	900	_	_	_	_	_	_	_	_	in_GNon_incertDNon_incertRNon	898-915	_	_	_	_
9	vieux	vieux	ADJ	ADJ	g=m	10	mod	10	mod	CO-3e-2018-FSBJC6-D1-R12-V1_N.ac	2	396	2	401	_	901	906	_	_	_	_	_	_	_	_	in_GNon_incertDNon_incertRNon	898-915	_	_	_	_
10	monsieur	_	NC	NC		7	obj	7	obj	CO-3e-2018-FSBJC6-D1-R12-V1_N.ac	2	402	2	410	_	907	915	_	_	_	Err	meusieur	907-915	_	_	in_GNon_incertDNon_incertRNon	898-915	_	_	_	_
11	s'	se	CLR	CLR	n=p,s|p=3	12	aff	12	aff	CO-3e-2018-FSBJC6-D1-R12-V1_N.ac	2	411	2	413	_	916	918	_	_	_	_	_	_	_	_	_	_	_	_	_	_
12	approcher	approcher	VINF	VINF	t=W	7	obj	7	obj	CO-3e-2018-FSBJC6-D1-R12-V1_N.ac	2	413	2	422	_	918	927	_	_	_	_	_	_	_	_	_	_	_	_	_	_
13	de	de	P	P		12	mod	12	mod	CO-3e-2018-FSBJC6-D1-R12-V1_N.ac	2	423	2	425	_	928	930	_	_	_	_	_	_	_	_	_	_	_	_	_	_
14	la	la	DET	DET	n=s|g=f	15	det	15	det	CO-3e-2018-FSBJC6-D1-R12-V1_N.ac	2	426	2	428	_	931	933	_	_	_	_	_	_	_	_	_	_	_	_	_	_
15	porte	porte	NC	NC	n=s|g=f	13	prep	13	prep	CO-3e-2018-FSBJC6-D1-R12-V1_N.ac	2	429	2	434	_	934	939	_	_	_	_	_	_	_	_	_	_	_	_	_	_
16	.	.	PONCT	PONCT		15	ponct	15	ponct	CO-3e-2018-FSBJC6-D1-R12-V1_N.ac	2	434	2	435	_	939	940	_	_	_	_	_	_	_	_	_	_	_	_	_	_
"
"
1	Elle	elle	CLS	CLS	n=s|g=f|p=3	3	suj	3	suj	CO-3e-2018-FSBJC6-D1-R12-V1_N.ac	2	436	2	440	_	941	945	_	_	_	_	_	_	is_GNon_incertDNon_incertRNon	941-945	_	_	_	_	_	_
2	se	se	CLR	CLR	n=p,s|p=3	3	aff	3	aff	CO-3e-2018-FSBJC6-D1-R12-V1_N.ac	2	441	2	443	_	946	948	_	_	_	_	_	_	_	_	_	_	_	_	_	_
3	pencha	pencher	V	V	n=s|t=J|p=3	0	root	0	root	CO-3e-2018-FSBJC6-D1-R12-V1_N.ac	2	444	2	450	passeSimple	949	955	_	_	_	_	_	_	_	_	_	_	_	_	_	_
4	pour	pour	P	P		3	mod	3	mod	CO-3e-2018-FSBJC6-D1-R12-V1_N.ac	2	451	2	455	_	956	960	_	_	_	_	_	_	_	_	_	_	_	_	_	_
5	voir	voir	VINF	VINF	t=W	4	prep	4	prep	CO-3e-2018-FSBJC6-D1-R12-V1_N.ac	2	456	2	460	_	961	965	_	_	_	_	_	_	_	_	_	_	_	_	_	_
6	le	le	DET	DET	n=s|g=m	7	det	7	det	CO-3e-2018-FSBJC6-D1-R12-V1_N.ac	2	461	2	463	_	966	968	_	_	_	_	_	_	_	_	_	_	_	_	_	_
7	code	code	NC	NC	n=s|g=m	5	obj	5	obj	CO-3e-2018-FSBJC6-D1-R12-V1_N.ac	2	464	2	468	_	969	973	_	_	_	_	_	_	_	_	_	_	_	_	_	_
8	mais	mais	CC	CC		4	coord	4	coord	CO-3e-2018-FSBJC6-D1-R12-V1_N.ac	2	469	2	473	_	974	978	_	_	_	_	_	_	_	_	_	_	_	_	_	_
9	par	par	P	P		8	dep_coord	8	dep_coord	CO-3e-2018-FSBJC6-D1-R12-V1_N.ac	2	474	2	477	_	979	982	_	in_add	979-993	_	_	_	_	_	_	_	_	_	_	_
10	maladresse	maladresse	NC	NC	n=s|g=f	9	prep	9	prep	CO-3e-2018-FSBJC6-D1-R12-V1_N.ac	2	478	2	488	_	983	993	_	in_add	979-993	_	_	_	_	_	_	_	_	_	_	_
11	fit	faire	V	V	n=s|t=J|p=3	3	mod	3	mod	CO-3e-2018-FSBJC6-D1-R12-V1_N.ac	2	489	2	492	passeSimple	994	997	_	_	_	_	_	_	is_GNon_incertDNon_incertRNon	994-997	_	_	_	_	_	_
12	tomber	tomber	VINF	VINF	t=W	11	obj	11	obj	CO-3e-2018-FSBJC6-D1-R12-V1_N.ac	2	493	2	499	_	998	1004	_	_	_	_	_	_	_	_	_	_	_	_	_	_
13	son	son	DET	DET	n=s|g=m|p=3|poss=s	14	det	14	det	CO-3e-2018-FSBJC6-D1-R12-V1_N.ac	2	500	2	503	_	1005	1008	_	_	_	_	_	_	is_GNon_incertDNon_incertRNon	1005-1008	_	_	_	_	_	_
14	vélo	vélo	NC	NC	n=s|g=m	12	obj	12	obj	CO-3e-2018-FSBJC6-D1-R12-V1_N.ac	2	504	2	508	_	1009	1013	_	_	_	_	_	_	_	_	_	_	_	_	_	_
15	.	.	PONCT	PONCT		14	ponct	14	ponct	CO-3e-2018-FSBJC6-D1-R12-V1_N.ac	2	508	2	509	_	1013	1014	_	_	_	_	_	_	_	_	_	_	_	_	_	_
"
"
1	Il	il	CLS	CLS	n=s|g=m|p=3	3	suj	3	suj	CO-3e-2018-FSBJC6-D1-R12-V1_N.ac	2	510	2	512	_	1015	1017	consigne	_	_	Err	Je	1015-1017	_	_	is_GNon_incertDNon_incertRNon	1015-1017	_	_	_	_
2	se	se	CLR	CLR	n=p,s|p=3	3	aff	3	aff	CO-3e-2018-FSBJC6-D1-R12-V1_N.ac	2	513	2	515	_	1018	1020	consigne	_	_	_	_	_	_	_	_	_	_	_	_	_
3	retourna	retourner	V	V	n=s|t=J|p=3	0	root	0	root	CO-3e-2018-FSBJC6-D1-R12-V1_N.ac	2	516	2	524	passeSimple	1021	1029	consigne	_	_	_	_	_	_	_	_	_	_	_	_	_
4	en	en	P	P		3	mod	3	mod	CO-3e-2018-FSBJC6-D1-R12-V1_N.ac	2	525	2	527	_	1030	1032	consigne	_	_	_	_	_	_	_	_	_	_	_	_	_
5	entendant	entendre	VPR	VPR	t=G	4	prep	4	prep	CO-3e-2018-FSBJC6-D1-R12-V1_N.ac	2	528	2	537	_	1033	1042	consigne	_	_	_	_	_	_	_	_	_	_	_	_	_
6	ce	ce	DET	DET	n=s|g=m	8	det	8	det	CO-3e-2018-FSBJC6-D1-R12-V1_N.ac	2	538	2	540	_	1043	1045	consigne	_	_	_	_	_	_	_	_	_	_	_	_	_
7	grand	grand	ADJ	ADJ	n=s|g=m	8	mod	8	mod	CO-3e-2018-FSBJC6-D1-R12-V1_N.ac	2	541	2	546	_	1046	1051	consigne	_	_	_	_	_	_	_	_	_	_	_	_	_
8	bruit	bruit	NC	NC	n=s|g=m	5	obj	5	obj	CO-3e-2018-FSBJC6-D1-R12-V1_N.ac	2	547	2	552	_	1052	1057	consigne	_	_	_	_	_	_	_	_	_	_	_	_	_
9	mais	mais	CC	CC		8	coord	8	coord	CO-3e-2018-FSBJC6-D1-R12-V1_N.ac	2	553	2	557	_	1058	1062	_	_	_	_	_	_	_	_	_	_	_	_	_	_
10	heureusement	_	ADV	ADV		13	mod	13	mod	CO-3e-2018-FSBJC6-D1-R12-V1_N.ac	2	558	2	570	_	1063	1075	_	_	_	Err	heuresement	1063-1075	_	_	_	_	_	_	_	_
11	n'	ne	ADV	ADV		13	mod	13	mod	CO-3e-2018-FSBJC6-D1-R12-V1_N.ac	2	571	2	573	_	1076	1078	_	_	_	_	_	_	_	_	in_GNon_incertDNon_incertRNon	1076-1089	_	_	_	_
12	en	en	CLO	CLO		13	aff	13	aff	CO-3e-2018-FSBJC6-D1-R12-V1_N.ac	2	573	2	575	_	1078	1080	_	_	_	_	_	_	_	_	in_GNon_incertDNon_incertRNon	1076-1089	_	_	_	_
13	tint	tenir	V	V	n=s|t=J|p=3	3	mod	3	mod	CO-3e-2018-FSBJC6-D1-R12-V1_N.ac	2	576	2	580	passeSimple	1081	1085	_	_	_	Err	pris	1081-1085	_	_	in_GNon_incertDNon_incertRNon	1076-1089	_	_	_	_
14	pas	pas	ADV	ADV		13	mod	13	mod	CO-3e-2018-FSBJC6-D1-R12-V1_N.ac	2	581	2	584	_	1086	1089	_	_	_	_	_	_	_	_	in_GNon_incertDNon_incertRNon	1076-1089	_	_	_	_
15	compte	compter	V	V	n=s|t=P,S|p=1,3	13	mod	13	mod	CO-3e-2018-FSBJC6-D1-R12-V1_N.ac	2	585	2	591	present	1090	1096	_	_	_	_	_	_	_	_	_	_	_	_	_	_
16	.	.	PONCT	PONCT		15	ponct	15	ponct	CO-3e-2018-FSBJC6-D1-R12-V1_N.ac	2	591	2	592	_	1096	1097	_	_	_	_	_	_	_	_	_	_	_	_	_	_
"
"
1	Une	une	DET	DET	n=s|g=f	2	det	2	det	CO-3e-2018-FSBJC6-D1-R12-V1_N.ac	2	593	2	596	_	1098	1101	_	_	_	_	_	_	_	_	_	_	_	_	_	_
2	fois	fois	NC	NC	g=f	8	mod	8	mod	CO-3e-2018-FSBJC6-D1-R12-V1_N.ac	2	597	2	601	_	1102	1106	_	_	_	_	_	_	_	_	_	_	_	_	_	_
3	le	le	DET	DET	n=s|g=m	4	det	4	det	CO-3e-2018-FSBJC6-D1-R12-V1_N.ac	2	602	2	604	_	1107	1109	_	_	_	_	_	_	_	_	in_GNon_incertDNon_incertRNon	1107-1125	_	_	_	_
4	monsieur	_	NC	NC		2	mod	2	mod	CO-3e-2018-FSBJC6-D1-R12-V1_N.ac	2	605	2	613	_	1110	1118	_	_	_	Err	meu meusieur	1110-1118	_	_	in_GNon_incertDNon_incertRNon	1107-1125	_	_	_	_
5	rentré	rentré	NC	NC	n=s|g=m	2	mod	2	mod	CO-3e-2018-FSBJC6-D1-R12-V1_N.ac	2	614	2	620	_	1119	1125	_	_	_	Err	entrer	1119-1125	_	_	in_GNon_incertDNon_incertRNon	1107-1125	_	_	_	_
6	elle	elle	CLS	CLS	n=s|g=f|p=3	8	suj	8	suj	CO-3e-2018-FSBJC6-D1-R12-V1_N.ac	2	621	2	625	_	1126	1130	_	_	_	_	_	_	is_GNon_incertDNon_incertRNon	1126-1130	_	_	_	_	_	_
7	s'	se	CLR	CLR	n=p,s|p=3	8	aff	8	aff	CO-3e-2018-FSBJC6-D1-R12-V1_N.ac	2	626	2	628	_	1131	1133	_	_	_	_	_	_	_	_	_	_	_	_	_	_
8	empressa	empresser	V	V	n=s|t=J|p=3	0	root	0	root	CO-3e-2018-FSBJC6-D1-R12-V1_N.ac	2	628	2	636	passeSimple	1133	1141	_	_	_	Err	empréssa	1133-1141	_	_	_	_	_	_	_	_
9	de	de	P	P		8	mod	8	mod	CO-3e-2018-FSBJC6-D1-R12-V1_N.ac	2	637	2	639	_	1142	1144	_	_	_	_	_	_	_	_	_	_	_	_	_	_
10	taper	taper	VINF	VINF	t=W	9	prep	9	prep	CO-3e-2018-FSBJC6-D1-R12-V1_N.ac	2	640	2	645	_	1145	1150	_	_	_	_	_	_	_	_	_	_	_	_	_	_
11	le	le	DET	DET	n=s|g=m	12	det	12	det	CO-3e-2018-FSBJC6-D1-R12-V1_N.ac	2	646	2	648	_	1151	1153	_	_	_	_	_	_	_	_	_	_	_	_	_	_
12	code	code	NC	NC	n=s|g=m	10	obj	10	obj	CO-3e-2018-FSBJC6-D1-R12-V1_N.ac	2	649	2	653	_	1154	1158	_	_	_	_	_	_	_	_	_	_	_	_	_	_
13	à	à	P	P		10	mod	10	mod	CO-3e-2018-FSBJC6-D1-R12-V1_N.ac	2	654	2	655	_	1159	1160	_	_	_	_	_	_	_	_	_	_	_	_	_	_
14	son	son	DET	DET	n=s|g=m|p=3|poss=s	15	det	15	det	CO-3e-2018-FSBJC6-D1-R12-V1_N.ac	2	656	2	659	_	1161	1164	_	_	_	_	_	_	is_GNon_incertDNon_incertRNon	1161-1164	_	_	_	_	_	_
15	tour	tour	NC	NC	n=s	13	prep	13	prep	CO-3e-2018-FSBJC6-D1-R12-V1_N.ac	2	660	2	664	_	1165	1169	_	_	_	_	_	_	_	_	_	_	_	_	_	_
16	et	et	CC	CC		8	coord	8	coord	CO-3e-2018-FSBJC6-D1-R12-V1_N.ac	2	665	2	667	_	1170	1172	_	_	_	_	_	_	_	_	_	_	_	_	_	_
17	se	se	CLR	CLR	n=p,s|p=3	18	aff	18	aff	CO-3e-2018-FSBJC6-D1-R12-V1_N.ac	2	668	2	670	_	1173	1175	_	_	_	_	_	_	in_GNon_incertDNon_incertRNon	1173-1181	_	_	_	_	_	_
18	hissa	hisser	V	V	n=s|t=J|p=3	16	dep_coord	16	dep_coord	CO-3e-2018-FSBJC6-D1-R12-V1_N.ac	2	671	2	676	passeSimple	1176	1181	_	_	_	_	_	_	in_GNon_incertDNon_incertRNon	1173-1181	_	_	_	_	_	_
19	à	à	P	P		18	mod	18	mod	CO-3e-2018-FSBJC6-D1-R12-V1_N.ac	2	677	2	678	_	1182	1183	_	_	_	_	_	_	_	_	_	_	_	_	_	_
20	l'	le	DET	DET	n=s	21	det	21	det	CO-3e-2018-FSBJC6-D1-R12-V1_N.ac	2	679	2	681	_	1184	1186	_	_	_	_	_	_	_	_	_	_	_	_	_	_
21	intérieur	intérieur	NC	NC	n=s|g=m	19	prep	19	prep	CO-3e-2018-FSBJC6-D1-R12-V1_N.ac	2	681	2	690	_	1186	1195	_	_	_	Err	intèrieur	1186-1195	_	_	_	_	_	_	_	_
22	.	.	PONCT	PONCT		21	ponct	21	ponct	CO-3e-2018-FSBJC6-D1-R12-V1_N.ac	2	690	2	691	_	1195	1196	_	_	_	_	_	_	_	_	_	_	_	_	_	_
"
"
1	Elle	elle	CLS	CLS	n=s|g=f|p=3	2	suj	2	suj	CO-3e-2018-FSBJC6-D1-R12-V1_N.ac	2	692	2	696	_	1197	1201	_	_	_	_	_	_	is_GNon_incertDNon_incertRNon	1197-1201	_	_	_	_	_	_
2	vit	vivre	V	V	n=s|t=P|p=3	0	root	0	root	CO-3e-2018-FSBJC6-D1-R12-V1_N.ac	2	697	2	700	present	1202	1205	_	_	_	_	_	_	_	_	_	_	_	_	_	_
3	un	un	DET	DET	n=s|g=m	5	det	5	det	CO-3e-2018-FSBJC6-D1-R12-V1_N.ac	2	701	2	703	_	1206	1208	_	_	_	_	_	_	_	_	_	_	_	_	_	_
4	magnifique	magnifique	ADJ	ADJ	n=s	5	mod	5	mod	CO-3e-2018-FSBJC6-D1-R12-V1_N.ac	2	704	2	714	_	1209	1219	_	issubst	1209-1219	Err	manifique	1209-1219	_	_	_	_	_	_	_	_
5	jardin	jardin	NC	NC	n=s|g=m	2	obj	2	obj	CO-3e-2018-FSBJC6-D1-R12-V1_N.ac	2	715	2	721	_	1220	1226	_	_	_	_	_	_	_	_	_	_	_	_	_	_
6	et	et	CC	CC		2	coord	2	coord	CO-3e-2018-FSBJC6-D1-R12-V1_N.ac	2	722	2	724	_	1227	1229	_	_	_	_	_	_	_	_	_	_	_	_	_	_
7	un	un	DET	DET	n=s|g=m	9	det	9	det	CO-3e-2018-FSBJC6-D1-R12-V1_N.ac	2	725	2	727	_	1230	1232	_	_	_	_	_	_	_	_	_	_	_	_	_	_
8	immense	immense	ADJ	ADJ	n=s	9	mod	9	mod	CO-3e-2018-FSBJC6-D1-R12-V1_N.ac	2	728	2	735	_	1233	1240	_	_	_	_	_	_	_	_	_	_	_	_	_	_
9	manoir	manoir	NC	NC	n=s|g=m	0	_	0	_	CO-3e-2018-FSBJC6-D1-R12-V1_N.ac	2	736	2	742	_	1241	1247	_	issubst	1241-1247	_	_	_	_	_	_	_	_	_	_	_
10	.	.	PONCT	PONCT		9	ponct	9	ponct	CO-3e-2018-FSBJC6-D1-R12-V1_N.ac	2	742	2	743	_	1247	1248	_	_	_	_	_	_	_	_	_	_	_	_	_	_
"
"
1	Elle	elle	CLS	CLS	n=s|g=f|p=3	3	suj	3	suj	CO-3e-2018-FSBJC6-D1-R12-V1_N.ac	2	744	2	748	_	1249	1253	_	_	_	_	_	_	is_GNon_incertDNon_incertRNon	1249-1253	_	_	_	_	_	_
2	se	se	CLR	CLR	n=p,s|p=3	3	aff	3	aff	CO-3e-2018-FSBJC6-D1-R12-V1_N.ac	2	749	2	751	_	1254	1256	_	_	_	_	_	_	_	_	_	_	_	_	_	_
3	rapprocha	rapprocher	V	V	n=s|t=J|p=3	0	root	0	root	CO-3e-2018-FSBJC6-D1-R12-V1_N.ac	2	752	2	761	passeSimple	1257	1266	_	_	_	Err	raprocha	1257-1266	_	_	_	_	_	_	_	_
4	de	de	P	P		3	mod	3	mod	CO-3e-2018-FSBJC6-D1-R12-V1_N.ac	2	762	2	764	_	1267	1269	_	_	_	_	_	_	_	_	_	_	_	_	_	_
5	ses	ses	DET	DET	n=p|p=3|poss=s	7	det	7	det	CO-3e-2018-FSBJC6-D1-R12-V1_N.ac	2	765	2	768	_	1270	1273	_	subst	1270-1271	Err	ces	1270-1273	_	_	_	_	_	_	_	_
6	grandes	grand	ADJ	ADJ	n=p|g=f	7	mod	7	mod	CO-3e-2018-FSBJC6-D1-R12-V1_N.ac	2	769	2	776	_	1274	1281	_	_	_	_	_	_	_	_	_	_	_	_	_	_
7	portes	porte	NC	NC	n=p|g=f	4	prep	4	prep	CO-3e-2018-FSBJC6-D1-R12-V1_N.ac	2	777	2	783	_	1282	1288	_	_	_	Err	porte	1282-1288	_	_	_	_	_	_	_	_
8	rouillées	rouiller	VPP	VPP	n=p|g=f|t=K	7	mod	7	mod	CO-3e-2018-FSBJC6-D1-R12-V1_N.ac	2	784	2	793	_	1289	1298	_	_	_	Err	rouillée	1289-1298	_	_	_	_	_	_	_	_
9	et	et	CC	CC		3	coord	3	coord	CO-3e-2018-FSBJC6-D1-R12-V1_N.ac	2	794	2	796	_	1299	1301	_	_	_	_	_	_	_	_	_	_	_	_	_	_
10	les	les	DET	DET	n=p	11	det	11	det	CO-3e-2018-FSBJC6-D1-R12-V1_N.ac	2	797	2	800	_	1302	1305	_	_	_	_	_	_	_	_	_	_	_	_	_	_
11	poussa	poussa	NC	NC	n=s|g=m	0	_	0	_	CO-3e-2018-FSBJC6-D1-R12-V1_N.ac	2	801	2	807	_	1306	1312	_	_	_	Err	poussas	1306-1312	is_GNon_incertDNon_incertRNon	1306-1312	_	_	_	_	_	_
12	.	.	PONCT	PONCT		11	ponct	11	ponct	CO-3e-2018-FSBJC6-D1-R12-V1_N.ac	2	807	2	808	_	1312	1313	_	_	_	_	_	_	_	_	_	_	_	_	_	_
"
"
1	Elle	elle	CLS	CLS	n=s|g=f|p=3	3	suj	3	suj	CO-3e-2018-FSBJC6-D1-R12-V1_N.ac	2	809	2	813	_	1314	1318	_	_	_	_	_	_	is_GNon_incertDNon_incertRNon	1314-1318	_	_	_	_	_	_
2	fut	être	V	V	n=s|t=J|p=3	3	aux_pass	3	aux_pass	CO-3e-2018-FSBJC6-D1-R12-V1_N.ac	2	814	2	817	passeSimple	1319	1322	_	_	_	_	_	_	_	_	_	_	_	_	_	_
3	étonnée	étonner	VPP	VPP	n=s|g=f|t=K	0	root	0	root	CO-3e-2018-FSBJC6-D1-R12-V1_N.ac	2	818	2	825	_	1323	1330	_	_	_	Err	étonner	1323-1330	_	_	_	_	_	_	_	_
4	car	car	CS	CS		3	mod	3	mod	CO-3e-2018-FSBJC6-D1-R12-V1_N.ac	2	826	2	829	_	1331	1334	_	_	_	_	_	_	_	_	_	_	_	_	_	_
5	les	les	DET	DET	n=p	6	det	6	det	CO-3e-2018-FSBJC6-D1-R12-V1_N.ac	2	830	2	833	_	1335	1338	_	_	_	_	_	_	_	_	_	_	_	_	_	_
6	portes	porte	NC	NC	n=p|g=f	8	suj	8	suj	CO-3e-2018-FSBJC6-D1-R12-V1_N.ac	2	834	2	840	_	1339	1345	_	_	_	_	_	_	_	_	_	_	_	_	_	_
7	s'	se	CLR	CLR	n=p,s|p=3	8	aff	8	aff	CO-3e-2018-FSBJC6-D1-R12-V1_N.ac	2	841	2	843	_	1346	1348	_	_	_	_	_	_	_	_	_	_	_	_	_	_
8	ouvrirent	ouvrir	V	V	n=p|t=J|p=3	4	sub	4	sub	CO-3e-2018-FSBJC6-D1-R12-V1_N.ac	2	843	2	852	passeSimple	1348	1357	_	_	_	Err	ouvris	1348-1357	_	_	_	_	_	_	_	_
9	sans	sans	P	P		8	mod	8	mod	CO-3e-2018-FSBJC6-D1-R12-V1_N.ac	2	853	2	857	_	1358	1362	_	_	_	_	_	_	_	_	_	_	_	_	_	_
10	aucun	aucun	DET	DET	n=s|g=m	11	det	11	det	CO-3e-2018-FSBJC6-D1-R12-V1_N.ac	2	858	2	863	_	1363	1368	_	_	_	_	_	_	_	_	_	_	_	_	_	_
11	mal	mal	NC	NC	n=s|g=m	9	prep	9	prep	CO-3e-2018-FSBJC6-D1-R12-V1_N.ac	2	864	2	867	_	1369	1372	_	_	_	_	_	_	_	_	_	_	_	_	_	_
12	comme	comme	P	P		8	mod	8	mod	CO-3e-2018-FSBJC6-D1-R12-V1_N.ac	2	868	2	873	_	1373	1378	_	_	_	_	_	_	_	_	_	_	_	_	_	_
13	si	si	CS	CS		12	prep	12	prep	CO-3e-2018-FSBJC6-D1-R12-V1_N.ac	2	874	2	876	_	1379	1381	_	_	_	Err	ci	1379-1381	_	_	_	_	_	_	_	_
14	le	le	DET	DET	n=s|g=m	15	det	15	det	CO-3e-2018-FSBJC6-D1-R12-V1_N.ac	2	877	2	879	_	1382	1384	_	_	_	_	_	_	_	_	in_GNon_incertDNon_incertRNon	1382-1397	_	_	_	_
15	propriétaire	propriétaire	NC	NC	n=s	17	suj	17	suj	CO-3e-2018-FSBJC6-D1-R12-V1_N.ac	2	880	2	892	_	1385	1397	_	_	_	_	_	_	_	_	in_GNon_incertDNon_incertRNon	1382-1397	_	_	_	_
16	avait	avoir	V	V	n=s|t=I|p=3	17	aux_tps	17	aux_tps	CO-3e-2018-FSBJC6-D1-R12-V1_N.ac	2	893	2	898	imparfait	1398	1403	_	_	_	_	_	_	_	_	_	_	_	_	_	_
17	fait	faire	VPP	VPP	n=s|g=m|t=K	13	sub	13	sub	CO-3e-2018-FSBJC6-D1-R12-V1_N.ac	2	899	2	903	_	1404	1408	_	_	_	_	_	_	_	_	_	_	_	_	_	_
18	exprès	exprès	NC	NC	g=m	17	obj	17	obj	CO-3e-2018-FSBJC6-D1-R12-V1_N.ac	2	904	2	910	_	1409	1415	_	_	_	_	_	_	_	_	_	_	_	_	_	_
19	de	de	P	P		17	mod	17	mod	CO-3e-2018-FSBJC6-D1-R12-V1_N.ac	2	911	2	913	_	1416	1418	_	_	_	_	_	_	_	_	_	_	_	_	_	_
20	les	les	CLO	CLO	n=p|p=3	21	obj	21	obj	CO-3e-2018-FSBJC6-D1-R12-V1_N.ac	2	914	2	917	_	1419	1422	_	_	_	_	_	_	_	_	_	_	_	_	_	_
21	laisser	laisser	VINF	VINF	t=W	19	prep	19	prep	CO-3e-2018-FSBJC6-D1-R12-V1_N.ac	2	918	2	925	_	1423	1430	_	_	_	_	_	_	_	_	_	_	_	_	_	_
22	ouvertes	ouvert	ADJ	ADJ	n=p|g=f|t=K	0	_	0	_	CO-3e-2018-FSBJC6-D1-R12-V1_N.ac	2	926	2	934	_	1431	1439	_	_	_	Err	ouvert	1431-1439	_	_	_	_	_	_	_	_
23	.	.	PONCT	PONCT		22	ponct	22	ponct	CO-3e-2018-FSBJC6-D1-R12-V1_N.ac	2	934	2	935	_	1439	1440	_	_	_	_	_	_	_	_	_	_	_	_	_	_
"
"
1	Elle	elle	CLS	CLS	n=s|g=f|p=3	2	suj	2	suj	CO-3e-2018-FSBJC6-D1-R12-V1_N.ac	2	936	2	940	_	1441	1445	_	_	_	_	_	_	is_GNon_incertDNon_incertRNon	1441-1445	_	_	_	_	_	_
2	commença	commencer	V	V	n=s|t=J|p=3	0	root	0	root	CO-3e-2018-FSBJC6-D1-R12-V1_N.ac	2	941	2	949	passeSimple	1446	1454	_	_	_	Err	commenca	1446-1454	_	_	_	_	_	_	_	_
3	à	à	P	P		2	mod	2	mod	CO-3e-2018-FSBJC6-D1-R12-V1_N.ac	2	950	2	951	_	1455	1456	_	_	_	_	_	_	_	_	_	_	_	_	_	_
4	marcher	marcher	VINF	VINF	t=W	3	prep	3	prep	CO-3e-2018-FSBJC6-D1-R12-V1_N.ac	2	952	2	959	_	1457	1464	_	_	_	_	_	_	_	_	_	_	_	_	_	_
5	dans	dans	P	P		4	mod	4	mod	CO-3e-2018-FSBJC6-D1-R12-V1_N.ac	2	960	2	964	_	1465	1469	_	_	_	_	_	_	_	_	_	_	_	_	_	_
6	un	un	DET	DET	n=s|g=m	8	det	8	det	CO-3e-2018-FSBJC6-D1-R12-V1_N.ac	2	965	2	967	_	1470	1472	_	_	_	_	_	_	_	_	_	_	_	_	_	_
7	long	long	ADJ	ADJ	n=s|g=m	8	mod	8	mod	CO-3e-2018-FSBJC6-D1-R12-V1_N.ac	2	968	2	972	_	1473	1477	_	_	_	_	_	_	_	_	_	_	_	_	_	_
8	couloir	couloir	NC	NC	n=s|g=m	5	prep	5	prep	CO-3e-2018-FSBJC6-D1-R12-V1_N.ac	2	973	2	980	_	1478	1485	_	_	_	_	_	_	_	_	_	_	_	_	_	_
9	et	et	CC	CC		2	coord	2	coord	CO-3e-2018-FSBJC6-D1-R12-V1_N.ac	2	981	2	983	_	1486	1488	_	del	1487-1487	_	_	_	_	_	_	_	_	_	_	_
10	croisa	croiser	V	V	n=s|t=J|p=3	9	dep_coord	9	dep_coord	CO-3e-2018-FSBJC6-D1-R12-V1_N.ac	2	984	2	990	passeSimple	1489	1495	_	_	_	_	_	_	is_GNon_incertDNon_incertRNon	1489-1495	_	_	_	_	_	_
11	une	une	DET	DET	n=s|g=f	13	det	13	det	CO-3e-2018-FSBJC6-D1-R12-V1_N.ac	2	991	2	994	_	1496	1499	_	_	_	_	_	_	_	_	_	_	_	_	_	_
12	petite	petit	ADJ	ADJ	n=s|g=f	13	mod	13	mod	CO-3e-2018-FSBJC6-D1-R12-V1_N.ac	2	995	2	1001	_	1500	1506	_	_	_	_	_	_	_	_	_	_	_	_	_	_
13	fille	fille	NC	NC	n=s|g=f	10	obj	10	obj	CO-3e-2018-FSBJC6-D1-R12-V1_N.ac	2	1002	2	1007	_	1507	1512	_	_	_	_	_	_	_	_	_	_	_	_	_	_
14	du	de	P+D	P+D	n=s|g=m	13	dep	13	dep	CO-3e-2018-FSBJC6-D1-R12-V1_N.ac	2	1008	2	1010	_	1513	1515	_	_	_	_	_	_	_	_	_	_	_	_	_	_
15	nom	nom	NC	NC	n=s|g=m	14	prep	14	prep	CO-3e-2018-FSBJC6-D1-R12-V1_N.ac	2	1011	2	1014	_	1516	1519	_	_	_	_	_	_	_	_	_	_	_	_	_	_
16	de	de	P	P		15	dep	15	dep	CO-3e-2018-FSBJC6-D1-R12-V1_N.ac	2	1015	2	1017	_	1520	1522	_	_	_	_	_	_	_	_	_	_	_	_	_	_
17	Lisa	Lisa	NPP	NPP	n=s|g=f	16	prep	16	prep	CO-3e-2018-FSBJC6-D1-R12-V1_N.ac	2	1018	2	1022	_	1523	1527	_	_	_	_	_	_	_	_	_	_	_	_	_	_
18	.	.	PONCT	PONCT		17	ponct	17	ponct	CO-3e-2018-FSBJC6-D1-R12-V1_N.ac	2	1022	2	1023	_	1527	1528	_	_	_	_	_	_	_	_	_	_	_	_	_	_
"
"
1	Qui	qui	PROWH	PROWH	n=s	3	suj	3	suj	CO-3e-2018-FSBJC6-D1-R12-V1_N.ac	2	1024	2	1027	_	1529	1532	_	subst	1529-1530	_	_	_	_	_	_	_	_	_	_	_
2	l'	le	CLO	CLO	n=s|p=3	3	obj	3	obj	CO-3e-2018-FSBJC6-D1-R12-V1_N.ac	2	1028	2	1030	_	1533	1535	_	_	_	_	_	_	is_GNon_incertDNon_incertRNon	1533-1535	_	_	_	_	_	_
3	attrapa	attraper	V	V	n=s|t=J|p=3	0	root	0	root	CO-3e-2018-FSBJC6-D1-R12-V1_N.ac	2	1030	2	1037	passeSimple	1535	1542	_	_	_	_	_	_	_	_	_	_	_	_	_	_
4	par	par	P	P		3	mod	3	mod	CO-3e-2018-FSBJC6-D1-R12-V1_N.ac	2	1038	2	1041	_	1543	1546	_	_	_	_	_	_	_	_	_	_	_	_	_	_
5	le	le	DET	DET	n=s|g=m	6	det	6	det	CO-3e-2018-FSBJC6-D1-R12-V1_N.ac	2	1042	2	1044	_	1547	1549	_	_	_	_	_	_	_	_	_	_	_	_	_	_
6	bras	bras	NC	NC	g=m	4	prep	4	prep	CO-3e-2018-FSBJC6-D1-R12-V1_N.ac	2	1045	2	1049	_	1550	1554	_	_	_	_	_	_	_	_	_	_	_	_	_	_
7	violemment	_	ADV	ADV		3	mod	3	mod	CO-3e-2018-FSBJC6-D1-R12-V1_N.ac	2	1050	2	1060	_	1555	1565	_	_	_	Err	violament	1555-1565	_	_	_	_	_	_	_	_
8	.	.	PONCT	PONCT		7	ponct	7	ponct	CO-3e-2018-FSBJC6-D1-R12-V1_N.ac	2	1060	2	1061	_	1565	1566	_	_	_	_	_	_	_	_	_	_	_	_	_	_
"
"
1	Elle	elle	CLS	CLS	n=s|g=f|p=3	2	suj	2	suj	CO-3e-2018-FSBJC6-D1-R12-V1_N.ac	2	1062	2	1066	_	1567	1571	_	_	_	_	_	_	_	_	_	_	_	_	_	_
2	expliqua	expliquer	V	V	n=s|t=J|p=3	0	root	0	root	CO-3e-2018-FSBJC6-D1-R12-V1_N.ac	2	1068	2	1076	passeSimple	1573	1581	_	_	_	_	_	_	_	_	_	_	_	_	_	_
3	que	que	CS	CS		2	mod	2	mod	CO-3e-2018-FSBJC6-D1-R12-V1_N.ac	2	1077	2	1080	_	1582	1585	_	_	_	_	_	_	_	_	_	_	_	_	_	_
4	cela	cela	PRO	PRO	n=s|g=m	5	suj	5	suj	CO-3e-2018-FSBJC6-D1-R12-V1_N.ac	2	1081	2	1085	_	1586	1590	_	_	_	_	_	_	_	_	_	_	_	_	_	_
5	faisait	faire	V	V	n=s|t=I|p=3	3	sub	3	sub	CO-3e-2018-FSBJC6-D1-R12-V1_N.ac	2	1086	2	1093	imparfait	1591	1598	_	_	_	Err	fesais	1591-1598	_	_	_	_	_	_	_	_
6	maintenant	maintenant	ADV	ADV		5	mod	5	mod	CO-3e-2018-FSBJC6-D1-R12-V1_N.ac	2	1094	2	1104	_	1599	1609	_	_	_	_	_	_	_	_	_	_	_	_	_	_
7	8	8	ADJ	ADJ		8	mod	8	mod	CO-3e-2018-FSBJC6-D1-R12-V1_N.ac	2	1105	2	1106	_	1610	1611	_	_	_	_	_	_	_	_	_	_	_	_	_	_
8	ans	an	NC	NC	n=p|g=m	5	obj	5	obj	CO-3e-2018-FSBJC6-D1-R12-V1_N.ac	2	1107	2	1110	_	1612	1615	_	_	_	_	_	_	_	_	_	_	_	_	_	_
9	qu'	que	PROREL	PROREL		11	obj	11	obj	CO-3e-2018-FSBJC6-D1-R12-V1_N.ac	2	1111	2	1114	_	1616	1619	_	_	_	_	_	_	_	_	_	_	_	_	_	_
10	elle	elle	CLS	CLS	n=s|g=f|p=3	11	suj	11	suj	CO-3e-2018-FSBJC6-D1-R12-V1_N.ac	2	1114	2	1118	_	1619	1623	_	_	_	_	_	_	_	_	_	_	_	_	_	_
11	vivait	vivre	V	V	n=s|t=I|p=3	8	mod_rel	8	mod_rel	CO-3e-2018-FSBJC6-D1-R12-V1_N.ac	2	1119	2	1125	imparfait	1624	1630	_	_	_	_	_	_	_	_	_	_	_	_	_	_
12	ici	ici	ADV	ADV		11	mod	11	mod	CO-3e-2018-FSBJC6-D1-R12-V1_N.ac	2	1126	2	1129	_	1631	1634	_	subst	1632-1633	_	_	_	_	_	_	_	_	_	_	_
13	avec	avec	P	P		11	mod	11	mod	CO-3e-2018-FSBJC6-D1-R12-V1_N.ac	2	1130	2	1134	_	1635	1639	_	_	_	_	_	_	_	_	_	_	_	_	_	_
14	ce	ce	DET	DET	n=s|g=m	16	det	16	det	CO-3e-2018-FSBJC6-D1-R12-V1_N.ac	2	1135	2	1137	_	1640	1642	_	_	_	_	_	_	_	_	in_GNon_incertDNon_incertRNon	1640-1657	_	_	_	_
15	vieux	vieux	ADJ	ADJ	g=m	16	mod	16	mod	CO-3e-2018-FSBJC6-D1-R12-V1_N.ac	2	1138	2	1143	_	1643	1648	_	subst	1647-1648	_	_	_	_	_	in_GNon_incertDNon_incertRNon	1640-1657	_	_	_	_
16	monsieur	_	NC	NC		13	prep	13	prep	CO-3e-2018-FSBJC6-D1-R12-V1_N.ac	2	1144	2	1152	_	1649	1657	_	_	_	Err	meusieur	1649-1657	_	_	in_GNon_incertDNon_incertRNon	1640-1657	_	_	_	_
17	et	et	CC	CC		3	coord	3	coord	CO-3e-2018-FSBJC6-D1-R12-V1_N.ac	2	1153	2	1155	_	1658	1660	_	_	_	_	_	_	_	_	_	_	_	_	_	_
18	qu'	que	CS	CS		17	dep_coord	17	dep_coord	CO-3e-2018-FSBJC6-D1-R12-V1_N.ac	2	1156	2	1159	_	1661	1664	_	_	_	_	_	_	_	_	_	_	_	_	_	_
19	il	il	CLS	CLS	n=s|g=m|p=3	22	suj	22	suj	CO-3e-2018-FSBJC6-D1-R12-V1_N.ac	2	1159	2	1161	_	1664	1666	_	_	_	_	_	_	_	_	is_GNon_incertDNon_incertRNon	1664-1666	_	_	_	_
20	l'	le	CLO	CLO	n=s|p=3	22	aff	22	aff	CO-3e-2018-FSBJC6-D1-R12-V1_N.ac	2	1162	2	1164	_	1667	1669	_	_	_	_	_	_	_	_	_	_	_	_	_	_
21	avait	avoir	V	V	n=s|t=I|p=3	22	aux_tps	22	aux_tps	CO-3e-2018-FSBJC6-D1-R12-V1_N.ac	2	1164	2	1169	imparfait	1669	1674	_	_	_	_	_	_	_	_	_	_	_	_	_	_
22	arrachée	arracher	VPP	VPP	n=s|g=f|t=K	18	sub	18	sub	CO-3e-2018-FSBJC6-D1-R12-V1_N.ac	2	1170	2	1178	_	1675	1683	_	_	_	Err	arraché	1675-1683	_	_	_	_	_	_	_	_
23	des	des	DET	DET	n=p	24	det	24	det	CO-3e-2018-FSBJC6-D1-R12-V1_N.ac	2	1179	2	1182	_	1684	1687	_	_	_	_	_	_	_	_	_	_	_	_	_	_
24	bras	bras	NC	NC	g=m	22	obj	22	obj	CO-3e-2018-FSBJC6-D1-R12-V1_N.ac	2	1183	2	1187	_	1688	1692	_	_	_	_	_	_	_	_	_	_	_	_	_	_
25	de	de	P	P		22	mod	22	mod	CO-3e-2018-FSBJC6-D1-R12-V1_N.ac	2	1188	2	1190	_	1693	1695	_	_	_	_	_	_	_	_	_	_	_	_	_	_
26	ses	ses	DET	DET	n=p|p=3|poss=s	27	det	27	det	CO-3e-2018-FSBJC6-D1-R12-V1_N.ac	2	1191	2	1194	_	1696	1699	_	_	_	_	_	_	_	_	_	_	_	_	_	_
27	parents	parent	NC	NC	n=p|g=m	25	prep	25	prep	CO-3e-2018-FSBJC6-D1-R12-V1_N.ac	2	1195	2	1202	_	1700	1707	_	_	_	_	_	_	_	_	_	_	_	_	_	_
28	.	.	PONCT	PONCT		27	ponct	27	ponct	CO-3e-2018-FSBJC6-D1-R12-V1_N.ac	2	1202	2	1203	_	1707	1708	_	_	_	_	_	_	_	_	_	_	_	_	_	_
"
"
1	Je	je	CLS	CLS	n=s|p=1	2	suj	2	suj	CO-3e-2018-FSBJC6-D1-R12-V1_N.ac	2	1204	2	1206	_	1709	1711	_	_	_	_	_	_	is_GNon_incertDNon_incertRNon	1709-1711	_	_	_	_	_	_
2	compris	comprendre	VPP	VPP	g=m|t=K	0	root	0	root	CO-3e-2018-FSBJC6-D1-R12-V1_N.ac	2	1207	2	1214	_	1712	1719	_	_	_	_	_	_	_	_	_	_	_	_	_	_
3	assez	assez	ADV	ADV		4	mod	4	mod	CO-3e-2018-FSBJC6-D1-R12-V1_N.ac	2	1215	2	1220	_	1720	1725	_	subst	1724-1725	_	_	_	_	_	_	_	_	_	_	_
4	vite	vite	ADV	ADV		2	mod	2	mod	CO-3e-2018-FSBJC6-D1-R12-V1_N.ac	2	1221	2	1225	_	1726	1730	_	_	_	_	_	_	_	_	_	_	_	_	_	_
5	qu'	que	CS	CS		2	mod	2	mod	CO-3e-2018-FSBJC6-D1-R12-V1_N.ac	2	1226	2	1229	_	1731	1734	_	_	_	Err	que	1731-1734	_	_	_	_	_	_	_	_
6	en	en	P	P		5	sub	5	sub	CO-3e-2018-FSBJC6-D1-R12-V1_N.ac	2	1229	2	1231	_	1734	1736	_	_	_	Err	enfaite	1734-1741	_	_	_	_	_	_	_	_
7	fait	fait	NC	NC	n=s|g=m	6	prep	6	prep	CO-3e-2018-FSBJC6-D1-R12-V1_N.ac	2	1232	2	1236	_	1737	1741	_	_	_	Err	enfaite	1734-1741	_	_	_	_	_	_	_	_
8	cet	cet	DET	DET	n=s|g=m	9	det	9	det	CO-3e-2018-FSBJC6-D1-R12-V1_N.ac	2	1237	2	1240	_	1742	1745	_	_	_	Err	cette	1742-1745	_	_	in_GNon_incertDNon_incertRNon	1742-1751	_	_	_	_
9	homme	homme	NC	NC	n=s|g=m	10	suj	10	suj	CO-3e-2018-FSBJC6-D1-R12-V1_N.ac	2	1241	2	1246	_	1746	1751	_	_	_	_	_	_	_	_	in_GNon_incertDNon_incertRNon	1742-1751	_	_	_	_
10	était	être	V	V	n=s|t=I|p=3	2	mod	2	mod	CO-3e-2018-FSBJC6-D1-R12-V1_N.ac	2	1247	2	1252	imparfait	1752	1757	_	_	_	Err	etait	1752-1757	_	_	_	_	_	_	_	_
11	un	un	DET	DET	n=s|g=m	12	det	12	det	CO-3e-2018-FSBJC6-D1-R12-V1_N.ac	2	1253	2	1255	_	1758	1760	_	_	_	_	_	_	_	_	in_GNon_incertDNon_incertRNon	1758-1781	_	_	_	_
12	kidnappeur	kidnappeur	NC	NC	n=s|g=m	10	obj	10	obj	CO-3e-2018-FSBJC6-D1-R12-V1_N.ac	2	1256	2	1266	_	1761	1771	_	_	_	Err	kidnapeur	1761-1771	_	_	in_GNon_incertDNon_incertRNon	1758-1781	_	_	_	_
13	d'	de	P	P		12	dep	12	dep	CO-3e-2018-FSBJC6-D1-R12-V1_N.ac	2	1267	2	1269	_	1772	1774	_	_	_	_	_	_	_	_	in_GNon_incertDNon_incertRNon	1758-1781	_	_	_	_
14	enfants	enfant	NC	NC	n=p	13	prep	13	prep	CO-3e-2018-FSBJC6-D1-R12-V1_N.ac	2	1269	2	1276	_	1774	1781	_	_	_	Err	enfant	1774-1781	_	_	in_GNon_incertDNon_incertRNon	1758-1781	_	_	_	_
15	et	et	CC	CC		10	coord	10	coord	CO-3e-2018-FSBJC6-D1-R12-V1_N.ac	2	1277	2	1279	_	1782	1784	_	_	_	_	_	_	_	_	_	_	_	_	_	_
16	que	que	CS	CS		15	dep_coord	15	dep_coord	CO-3e-2018-FSBJC6-D1-R12-V1_N.ac	2	1280	2	1283	_	1785	1788	_	_	_	_	_	_	_	_	_	_	_	_	_	_
17	Lisa	Lisa	NPP	NPP	n=s|g=f	18	suj	18	suj	CO-3e-2018-FSBJC6-D1-R12-V1_N.ac	2	1284	2	1288	_	1789	1793	_	del	1789-1789	Err	Lisa,	1789-1793	_	_	_	_	_	_	_	_
18	pensait	penser	V	V	n=s|t=I|p=3	16	sub	16	sub	CO-3e-2018-FSBJC6-D1-R12-V1_N.ac	2	1289	2	1296	imparfait	1794	1801	_	_	_	Err	pensais	1794-1801	_	_	_	_	_	_	_	_
19	vraiment	_	ADV	ADV		18	mod	18	mod	CO-3e-2018-FSBJC6-D1-R12-V1_N.ac	2	1297	2	1305	_	1802	1810	_	_	_	_	_	_	_	_	_	_	_	_	_	_
20	que	que	CS	CS		18	obj	18	obj	CO-3e-2018-FSBJC6-D1-R12-V1_N.ac	2	1306	2	1309	_	1811	1814	_	_	_	_	_	_	_	_	_	_	_	_	_	_
21	cet	cet	DET	DET	n=s|g=m	22	det	22	det	CO-3e-2018-FSBJC6-D1-R12-V1_N.ac	2	1310	2	1313	_	1815	1818	_	_	_	Err	cette	1815-1818	_	_	in_GNon_incertDNon_incertRNon	1815-1824	_	_	_	_
22	homme	homme	NC	NC	n=s|g=m	23	suj	23	suj	CO-3e-2018-FSBJC6-D1-R12-V1_N.ac	2	1314	2	1319	_	1819	1824	_	_	_	_	_	_	_	_	in_GNon_incertDNon_incertRNon	1815-1824	_	_	_	_
23	était	être	V	V	n=s|t=I|p=3	20	sub	20	sub	CO-3e-2018-FSBJC6-D1-R12-V1_N.ac	2	1320	2	1325	imparfait	1825	1830	_	_	_	Err	etait	1825-1830	_	_	_	_	_	_	_	_
24	son	son	DET	DET	n=s|g=m|p=3|poss=s	25	det	25	det	CO-3e-2018-FSBJC6-D1-R12-V1_N.ac	2	1326	2	1329	_	1831	1834	_	_	_	_	_	_	_	_	_	_	_	_	_	_
25	père	père	NC	NC	n=s|g=m	23	obj	23	obj	CO-3e-2018-FSBJC6-D1-R12-V1_N.ac	2	1330	2	1334	_	1835	1839	_	_	_	_	_	_	_	_	_	_	_	_	_	_
26	.	.	PONCT	PONCT		25	ponct	25	ponct	CO-3e-2018-FSBJC6-D1-R12-V1_N.ac	2	1334	2	1335	_	1839	1840	_	_	_	_	_	_	_	_	_	_	_	_	_	_
"
"
1	Prise	prise	NC	NC	n=s|g=f	5	mod	5	mod	CO-3e-2018-FSBJC6-D1-R12-V1_N.ac	2	1336	2	1341	_	1841	1846	_	_	_	Err	Pris	1841-1846	in_GNon_incertDNon_incertRNon	1841-1860	_	_	_	_	_	_
2	de	de	P	P		1	dep	1	dep	CO-3e-2018-FSBJC6-D1-R12-V1_N.ac	2	1342	2	1344	_	1847	1849	_	_	_	_	_	_	in_GNon_incertDNon_incertRNon	1841-1860	_	_	_	_	_	_
3	panique	panique	NC	NC	n=s|g=f	2	prep	2	prep	CO-3e-2018-FSBJC6-D1-R12-V1_N.ac	2	1345	2	1352	_	1850	1857	_	_	_	_	_	_	in_GNon_incertDNon_incertRNon	1841-1860	_	_	_	_	_	_
4	j'	je	CLS	CLS	n=s|p=1	5	suj	5	suj	CO-3e-2018-FSBJC6-D1-R12-V1_N.ac	2	1353	2	1355	_	1858	1860	_	_	_	_	_	_	in_GNon_incertDNon_incertRNon	1841-1860	_	_	_	_	_	_
5	attrapai	attraper	V	V	n=s|t=J|p=1	0	root	0	root	CO-3e-2018-FSBJC6-D1-R12-V1_N.ac	2	1355	2	1363	passeSimple	1860	1868	_	in_subst	1859-1868	Err	attrapa	1860-1868	_	_	_	_	_	_	_	_
6	Lisa	Lisa	NPP	NPP	n=s|g=f	5	obj	5	obj	CO-3e-2018-FSBJC6-D1-R12-V1_N.ac	2	1364	2	1368	_	1869	1873	_	_	_	_	_	_	_	_	_	_	_	_	_	_
7	par	par	P	P		5	mod	5	mod	CO-3e-2018-FSBJC6-D1-R12-V1_N.ac	2	1369	2	1372	_	1874	1877	_	_	_	_	_	_	_	_	_	_	_	_	_	_
8	la	la	DET	DET	n=s|g=f	9	det	9	det	CO-3e-2018-FSBJC6-D1-R12-V1_N.ac	2	1373	2	1375	_	1878	1880	_	_	_	_	_	_	_	_	_	_	_	_	_	_
9	main	main	NC	NC	n=s|g=f	7	prep	7	prep	CO-3e-2018-FSBJC6-D1-R12-V1_N.ac	2	1376	2	1380	_	1881	1885	_	_	_	_	_	_	_	_	_	_	_	_	_	_
10	et	et	CC	CC		5	coord	5	coord	CO-3e-2018-FSBJC6-D1-R12-V1_N.ac	2	1381	2	1383	_	1886	1888	_	_	_	_	_	_	_	_	_	_	_	_	_	_
11	nous	nous	CLS	CLS	n=p|p=1	13	suj	13	suj	CO-3e-2018-FSBJC6-D1-R12-V1_N.ac	2	1384	2	1388	_	1889	1893	_	_	_	_	_	_	is_GOui_incertDNon_incertRNon	1889-1893	_	_	_	_	_	_
12	nous	nous	CLO	CLO	n=p|p=1	13	aff	13	aff	CO-3e-2018-FSBJC6-D1-R12-V1_N.ac	2	1389	2	1393	_	1894	1898	_	_	_	_	_	_	_	_	_	_	_	_	_	_
13	enfuyions	enfuir	V	V	n=p|t=I|p=1	10	dep_coord	10	dep_coord	CO-3e-2018-FSBJC6-D1-R12-V1_N.ac	2	1394	2	1403	imparfait	1899	1908	_	_	_	Err	enfuiyons -- alternatives : enfuîmes	1899-1908	_	_	_	_	_	_	_	_
14	de	de	P	P		13	mod	13	mod	CO-3e-2018-FSBJC6-D1-R12-V1_N.ac	2	1404	2	1406	_	1909	1911	_	_	_	_	_	_	_	_	_	_	_	_	_	_
15	la	la	DET	DET	n=s|g=f	16	det	16	det	CO-3e-2018-FSBJC6-D1-R12-V1_N.ac	2	1407	2	1409	_	1912	1914	_	_	_	_	_	_	_	_	_	_	_	_	_	_
16	demeure	demeure	NC	NC	n=s|g=f	14	prep	14	prep	CO-3e-2018-FSBJC6-D1-R12-V1_N.ac	2	1410	2	1417	_	1915	1922	_	subst	1918-1919	Err	demure	1915-1922	_	_	_	_	_	_	_	_
17	du	de	P+D	P+D	n=s|g=m	13	mod	13	mod	CO-3e-2018-FSBJC6-D1-R12-V1_N.ac	2	1418	2	1420	_	1923	1925	_	_	_	_	_	_	_	_	in_GNon_incertDNon_incertRNon	1923-1936	_	_	_	_
18	kidnappeur	kidnappeur	NC	NC	n=s|g=m	17	prep	17	prep	CO-3e-2018-FSBJC6-D1-R12-V1_N.ac	2	1421	2	1431	_	1926	1936	_	_	_	Err	kidnapeur	1926-1936	_	_	in_GNon_incertDNon_incertRNon	1923-1936	_	_	_	_
19	en	en	P	P		13	mod	13	mod	CO-3e-2018-FSBJC6-D1-R12-V1_N.ac	2	1432	2	1434	_	1937	1939	_	_	_	_	_	_	_	_	_	_	_	_	_	_
20	courant	courant	NC	NC	n=s|g=m	19	prep	19	prep	CO-3e-2018-FSBJC6-D1-R12-V1_N.ac	2	1435	2	1442	_	1940	1947	_	_	_	_	_	_	_	_	_	_	_	_	_	_
21	.	.	PONCT	PONCT		20	ponct	20	ponct	CO-3e-2018-FSBJC6-D1-R12-V1_N.ac	2	1442	2	1443	_	1947	1948	_	_	_	_	_	_	_	_	_	_	_	_	_	_
"
"
1	je	je	CLS	CLS	n=s|p=1	2	suj	2	suj	CO-3e-2018-FSBJC6-D1-R12-V1_N.ac	2	1444	2	1446	_	1949	1951	_	del	1949-1949	Err	rentra	1949-1959	is_GNon_incertDNon_incertRNon	1949-1951	_	_	_	_	_	_
2	rentrai	rentrer	V	V	n=s|t=J|p=1	0	root	0	root	CO-3e-2018-FSBJC6-D1-R12-V1_N.ac	2	1447	2	1454	passeSimple	1952	1959	_	_	_	Err	rentra	1949-1959	_	_	_	_	_	_	_	_
3	chez	chez	P	P		2	mod	2	mod	CO-3e-2018-FSBJC6-D1-R12-V1_N.ac	2	1455	2	1459	_	1960	1964	_	_	_	_	_	_	_	_	_	_	_	_	_	_
4	moi	moi	PRO	PRO	n=s|p=1	3	prep	3	prep	CO-3e-2018-FSBJC6-D1-R12-V1_N.ac	2	1460	2	1463	_	1965	1968	_	_	_	_	_	_	_	_	_	_	_	_	_	_
5	en	en	P	P		2	mod	2	mod	CO-3e-2018-FSBJC6-D1-R12-V1_N.ac	2	1464	2	1466	_	1969	1971	_	_	_	_	_	_	_	_	_	_	_	_	_	_
6	pleurant	pleurant	NC	NC	n=s|g=m	5	prep	5	prep	CO-3e-2018-FSBJC6-D1-R12-V1_N.ac	2	1468	2	1476	_	1973	1981	_	_	_	_	_	_	_	_	_	_	_	_	_	_
7	.	.	PONCT	PONCT		6	ponct	6	ponct	CO-3e-2018-FSBJC6-D1-R12-V1_N.ac	2	1476	2	1477	_	1981	1982	_	_	_	_	_	_	_	_	_	_	_	_	_	_
"
"
1	Mon	mon	DET	DET	n=s|g=m|p=1|poss=s	2	det	2	det	CO-3e-2018-FSBJC6-D1-R12-V1_N.ac	2	1478	2	1481	_	1983	1986	_	_	_	_	_	_	is_GNon_incertDNon_incertRNon	1983-1986	_	_	_	_	_	_
2	père	père	NC	NC	n=s|g=m	4	suj	4	suj	CO-3e-2018-FSBJC6-D1-R12-V1_N.ac	2	1482	2	1486	_	1987	1991	_	_	_	_	_	_	_	_	_	_	_	_	_	_
3	me	me	CLO	CLO	n=s|p=1	4	obj	4	obj	CO-3e-2018-FSBJC6-D1-R12-V1_N.ac	2	1487	2	1489	_	1992	1994	_	_	_	_	_	_	is_GNon_incertDNon_incertRNon	1992-1994	_	_	_	_	_	_
4	prit	prendre	V	V	n=s|t=J|p=3	0	root	0	root	CO-3e-2018-FSBJC6-D1-R12-V1_N.ac	2	1490	2	1494	passeSimple	1995	1999	_	_	_	Err	pris	1995-1999	_	_	_	_	_	_	_	_
5	dans	dans	P	P		4	mod	4	mod	CO-3e-2018-FSBJC6-D1-R12-V1_N.ac	2	1495	2	1499	_	2000	2004	_	_	_	_	_	_	_	_	_	_	_	_	_	_
6	xxx	_	ADJ	ADJ		7	mod	7	mod	CO-3e-2018-FSBJC6-D1-R12-V1_N.ac	2	1500	2	1503	_	2005	2008	_	subst	2005-2005	Err	bras	2005-2013	_	_	_	_	_	_	_	_
7	bras	bras	NC	NC	g=m	5	prep	5	prep	CO-3e-2018-FSBJC6-D1-R12-V1_N.ac	2	1504	2	1508	_	2009	2013	_	_	_	Err	bras	2005-2013	_	_	_	_	_	_	_	_
8	à	à	P	P		4	mod	4	mod	CO-3e-2018-FSBJC6-D1-R12-V1_N.ac	2	1509	2	1510	_	2014	2015	_	_	_	_	_	_	_	_	_	_	_	_	_	_
9	la	la	DET	DET	n=s|g=f	10	det	10	det	CO-3e-2018-FSBJC6-D1-R12-V1_N.ac	2	1511	2	1513	_	2016	2018	_	_	_	_	_	_	_	_	_	_	_	_	_	_
10	fois	fois	NC	NC	g=f	8	prep	8	prep	CO-3e-2018-FSBJC6-D1-R12-V1_N.ac	2	1514	2	1518	_	2019	2023	_	_	_	_	_	_	_	_	_	_	_	_	_	_
11	en	en	P	P		4	mod	4	mod	CO-3e-2018-FSBJC6-D1-R12-V1_N.ac	2	1519	2	1521	_	2024	2026	_	_	_	_	_	_	_	_	_	_	_	_	_	_
12	pleurant	pleurant	NC	NC	n=s|g=m	11	prep	11	prep	CO-3e-2018-FSBJC6-D1-R12-V1_N.ac	2	1522	2	1530	_	2027	2035	_	_	_	_	_	_	_	_	_	_	_	_	_	_
13	et	et	CC	CC		4	coord	4	coord	CO-3e-2018-FSBJC6-D1-R12-V1_N.ac	2	1531	2	1533	_	2036	2038	_	_	_	_	_	_	_	_	_	_	_	_	_	_
14	en	en	P	P		13	dep_coord	13	dep_coord	CO-3e-2018-FSBJC6-D1-R12-V1_N.ac	2	1534	2	1536	_	2039	2041	_	_	_	_	_	_	_	_	_	_	_	_	_	_
15	me	me	CLO	CLO	n=s|p=1	0	_	0	_	CO-3e-2018-FSBJC6-D1-R12-V1_N.ac	2	1537	2	1539	_	2042	2044	_	subst	2042-2043	Err	ces me	2042-2044	is_GNon_incertDNon_incertRNon	2042-2044	_	_	_	_	_	_
16	grondant	grondant	ADJ	ADJ	n=s|g=m	0	_	0	_	CO-3e-2018-FSBJC6-D1-R12-V1_N.ac	2	1540	2	1548	_	2045	2053	_	_	_	_	_	_	_	_	_	_	_	_	_	_
17	.	.	PONCT	PONCT		16	ponct	16	ponct	CO-3e-2018-FSBJC6-D1-R12-V1_N.ac	2	1548	2	1549	_	2053	2054	_	_	_	_	_	_	_	_	_	_	_	_	_	_
"
"
1	J'	je	CLS	CLS	n=s|p=1	2	suj	2	suj	CO-3e-2018-FSBJC6-D1-R12-V1_N.ac	2	1550	2	1552	_	2055	2057	_	_	_	_	_	_	GNon_incertDNon_incertRNon	2055-2056	_	_	_	_	_	_
2	appris	apprendre	VPP	VPP	g=m|t=K	0	root	0	root	CO-3e-2018-FSBJC6-D1-R12-V1_N.ac	2	1552	2	1558	_	2057	2063	_	_	_	_	_	_	_	_	_	_	_	_	_	_
3	par	par	P	P		2	mod	2	mod	CO-3e-2018-FSBJC6-D1-R12-V1_N.ac	2	1559	2	1562	_	2064	2067	_	_	_	_	_	_	_	_	_	_	_	_	_	_
4	la	la	DET	DET	n=s|g=f	5	det	5	det	CO-3e-2018-FSBJC6-D1-R12-V1_N.ac	2	1563	2	1565	_	2068	2070	_	_	_	_	_	_	_	_	_	_	_	_	_	_
5	suite	suite	NC	NC	n=s|g=f	3	prep	3	prep	CO-3e-2018-FSBJC6-D1-R12-V1_N.ac	2	1566	2	1571	_	2071	2076	_	_	_	_	_	_	_	_	_	_	_	_	_	_
6	que	que	PROREL	PROREL		10	mod	10	mod	CO-3e-2018-FSBJC6-D1-R12-V1_N.ac	2	1572	2	1575	_	2077	2080	_	_	_	_	_	_	_	_	_	_	_	_	_	_
7	Lisa	Lisa	NPP	NPP	n=s|g=f	10	suj	10	suj	CO-3e-2018-FSBJC6-D1-R12-V1_N.ac	2	1576	2	1580	_	2081	2085	_	_	_	_	_	_	_	_	_	_	_	_	_	_
8	était	être	V	V	n=s|t=I|p=3	10	aux_tps	10	aux_tps	CO-3e-2018-FSBJC6-D1-R12-V1_N.ac	2	1581	2	1586	imparfait	2086	2091	_	_	_	Err	etait	2086-2091	_	_	_	_	_	_	_	_
9	portée	porter	VPP	VPP	n=s|g=f|t=K	10	aux_pass	10	aux_pass	CO-3e-2018-FSBJC6-D1-R12-V1_N.ac	2	1587	2	1593	_	2092	2098	_	_	_	Err	porté	2092-2098	_	_	_	_	_	_	_	_
10	disparue	disparaître	VPP	VPP	n=s|g=f|t=K	2	mod	2	mod	CO-3e-2018-FSBJC6-D1-R12-V1_N.ac	2	1594	2	1602	_	2099	2107	_	_	_	Err	disparu	2099-2107	_	_	_	_	_	_	_	_
11	depuis	depuis	P	P		10	mod	10	mod	CO-3e-2018-FSBJC6-D1-R12-V1_N.ac	2	1603	2	1609	_	2108	2114	_	_	_	_	_	_	_	_	_	_	_	_	_	_
12	8	8	NC	NC		11	prep	11	prep	CO-3e-2018-FSBJC6-D1-R12-V1_N.ac	2	1610	2	1611	_	2115	2116	_	_	_	_	_	_	_	_	_	_	_	_	_	_
13	ans	an	NC	NC	n=p|g=m	12	mod	12	mod	CO-3e-2018-FSBJC6-D1-R12-V1_N.ac	2	1612	2	1615	_	2117	2120	_	_	_	_	_	_	_	_	_	_	_	_	_	_
14	et	et	CC	CC		2	coord	2	coord	CO-3e-2018-FSBJC6-D1-R12-V1_N.ac	2	1616	2	1618	_	2121	2123	_	_	_	_	_	_	_	_	_	_	_	_	_	_
15	qu'	que	CS	CS		14	dep_coord	14	dep_coord	CO-3e-2018-FSBJC6-D1-R12-V1_N.ac	2	1619	2	1622	_	2124	2127	_	_	_	_	_	_	_	_	_	_	_	_	_	_
16	elle	elle	CLS	CLS	n=s|g=f|p=3	19	suj	19	suj	CO-3e-2018-FSBJC6-D1-R12-V1_N.ac	2	1622	2	1626	_	2127	2131	_	_	_	_	_	_	_	_	_	_	_	_	_	_
17	avait	avoir	V	V	n=s|t=I|p=3	19	aux_tps	19	aux_tps	CO-3e-2018-FSBJC6-D1-R12-V1_N.ac	2	1627	2	1632	imparfait	2132	2137	_	_	_	_	_	_	_	_	_	_	_	_	_	_
18	été	être	VPP	VPP	t=K	19	aux_pass	19	aux_pass	CO-3e-2018-FSBJC6-D1-R12-V1_N.ac	2	1633	2	1636	_	2138	2141	_	_	_	_	_	_	_	_	_	_	_	_	_	_
19	kidnappée	kidnapper	VPP	VPP	n=s|g=f|t=K	15	sub	15	sub	CO-3e-2018-FSBJC6-D1-R12-V1_N.ac	2	1637	2	1646	_	2142	2151	_	_	_	Err	kidnaper	2142-2151	_	_	_	_	_	_	_	_
20	par	par	P	P		19	mod	19	mod	CO-3e-2018-FSBJC6-D1-R12-V1_N.ac	2	1647	2	1650	_	2152	2155	_	_	_	_	_	_	_	_	_	_	_	_	_	_
21	ce	ce	DET	DET	n=s|g=m	22	det	22	det	CO-3e-2018-FSBJC6-D1-R12-V1_N.ac	2	1651	2	1653	_	2156	2158	_	_	_	Err	se	2156-2158	_	_	in_GNon_incertDNon_incertRNon	2156-2167	_	_	_	_
22	monsieur	_	NC	NC		20	prep	20	prep	CO-3e-2018-FSBJC6-D1-R12-V1_N.ac	2	1654	2	1662	_	2159	2167	_	_	_	Err	meusieur	2159-2167	_	_	in_GNon_incertDNon_incertRNon	2156-2167	_	_	_	_
23	en	en	P	P		19	mod	19	mod	CO-3e-2018-FSBJC6-D1-R12-V1_N.ac	2	1663	2	1665	_	2168	2170	_	del	2169-2169	Err	chez	2168-2183	_	_	_	_	_	_	_	_
24	entrant	entrer	VPR	VPR	t=G	23	prep	23	prep	CO-3e-2018-FSBJC6-D1-R12-V1_N.ac	2	1666	2	1673	_	2171	2178	_	_	_	Err	chez	2168-2183	_	_	_	_	_	_	_	_
25	chez	chez	P	P		24	mod	24	mod	CO-3e-2018-FSBJC6-D1-R12-V1_N.ac	2	1674	2	1678	_	2179	2183	_	_	_	Err	chez	2168-2183	_	_	_	_	_	_	_	_
26	lui	lui	PRO	PRO	n=s|g=m|p=3	25	prep	25	prep	CO-3e-2018-FSBJC6-D1-R12-V1_N.ac	2	1679	2	1682	_	2184	2187	_	_	_	_	_	_	_	_	is_GNon_incertDNon_incertRNon	2184-2187	_	_	_	_
27	le	le	DET	DET	n=s|g=m	28	det	28	det	CO-3e-2018-FSBJC6-D1-R12-V1_N.ac	2	1683	2	1685	_	2188	2190	_	_	_	_	_	_	_	_	_	_	_	_	_	_
28	soir	soir	NC	NC	n=s|g=m	24	obj	24	obj	CO-3e-2018-FSBJC6-D1-R12-V1_N.ac	2	1686	2	1690	_	2191	2195	_	_	_	_	_	_	_	_	_	_	_	_	_	_
29	par	par	P	P		28	dep	28	dep	CO-3e-2018-FSBJC6-D1-R12-V1_N.ac	2	1691	2	1694	_	2196	2199	_	_	_	_	_	_	_	_	_	_	_	_	_	_
30	curiosité	curiosité	NC	NC	n=s|g=f	29	prep	29	prep	CO-3e-2018-FSBJC6-D1-R12-V1_N.ac	2	1695	2	1704	_	2200	2209	_	_	_	_	_	_	_	_	_	_	_	_	_	_
31	.	.	PONCT	PONCT		30	ponct	30	ponct	CO-3e-2018-FSBJC6-D1-R12-V1_N.ac	2	1704	2	1705	_	2209	2210	_	_	_	_	_	_	_	_	_	_	_	_	_	_
"
"
1	Depuis	depuis	P	P		7	mod	7	mod	CO-3e-2018-FSBJC6-D1-R12-V1_N.ac	2	1706	2	1712	_	2211	2217	consigne	_	_	_	_	_	_	_	_	_	_	_	_	_
2	cette	cette	DET	DET	n=s|g=f	3	det	3	det	CO-3e-2018-FSBJC6-D1-R12-V1_N.ac	2	1713	2	1718	_	2218	2223	consigne	_	_	_	_	_	_	_	_	_	_	_	_	_
3	aventure	aventure	NC	NC	n=s|g=f	1	prep	1	prep	CO-3e-2018-FSBJC6-D1-R12-V1_N.ac	2	1719	2	1727	_	2224	2232	consigne	_	_	Err	avanture	2224-2232	_	_	_	_	_	_	_	_
4	les	les	DET	DET	n=p	5	det	5	det	CO-3e-2018-FSBJC6-D1-R12-V1_N.ac	2	1728	2	1731	_	2233	2236	consigne	_	_	_	_	_	_	_	_	_	in_GNon_incertDNon_incertRNon	2233-2244	_	_
5	enfants	enfant	NC	NC	n=p	7	suj	7	suj	CO-3e-2018-FSBJC6-D1-R12-V1_N.ac	2	1732	2	1739	_	2237	2244	consigne	_	_	_	_	_	_	_	_	_	in_GNon_incertDNon_incertRNon	2233-2244	_	_
6	ne	ne	ADV	ADV		7	mod	7	mod	CO-3e-2018-FSBJC6-D1-R12-V1_N.ac	2	1740	2	1742	_	2245	2247	consigne	_	_	_	_	_	_	_	_	_	_	_	_	_
7	sortent	sortir	V	V	n=p|t=P,S|p=3	0	root	0	root	CO-3e-2018-FSBJC6-D1-R12-V1_N.ac	2	1743	2	1750	present	2248	2255	consigne	_	_	_	_	_	_	_	_	_	_	_	_	_
8	plus	plus	ADV	ADV		7	mod	7	mod	CO-3e-2018-FSBJC6-D1-R12-V1_N.ac	2	1751	2	1755	_	2256	2260	consigne	_	_	_	_	_	_	_	_	_	_	_	_	_
9	la	la	DET	DET	n=s|g=f	10	det	10	det	CO-3e-2018-FSBJC6-D1-R12-V1_N.ac	2	1756	2	1758	_	2261	2263	consigne	_	_	_	_	_	_	_	_	_	_	_	_	_
10	nuit	nuit	NC	NC	n=s|g=f	7	obj	7	obj	CO-3e-2018-FSBJC6-D1-R12-V1_N.ac	2	1759	2	1763	_	2264	2268	consigne	_	_	_	_	_	_	_	_	_	_	_	_	_
11	.	.	PONCT	PONCT		10	ponct	10	ponct	CO-3e-2018-FSBJC6-D1-R12-V1_N.ac	2	1763	2	1764	_	2268	2269	consigne	_	_	_	_	_	_	_	_	_	_	_	_	_
"
"
