1	Il	il	PRON	PRON	Gender=Masc|Number=Sing|Person=3|PronType=Prs	nsubj	11	0	2	_	_	_	_	_	_	_	_	_	_	_	_	_	_
2	était	être	AUX	AUX	Mood=Ind|Number=Sing|Person=3|Tense=Imp|VerbForm=Fin	cop	11	3	8	_	_	_	_	_	_	_	_	_	_	_	_	_	_
3	une	un	DET	DET	Definite=Ind|Gender=Fem|Number=Sing|PronType=Art	det	4	9	12	_	_	_	_	_	_	_	_	_	_	_	_	_	_
4	fois	fois	NOUN	NOUN	Gender=Fem|Number=Sing	obl:mod	11	13	17	_	_	_	_	_	_	_	_	_	_	_	_	_	_
5	Gerôme	Gerôme	PROPN	PROPN	_	nsubj	11	18	24	_	_	_	_	_	_	_	_	_	_	_	_	_	_
6	et	et	CCONJ	CCONJ	_	cc	7	25	27	_	_	_	_	_	_	_	_	_	_	_	_	_	_
7	Pascal	Pascal	PROPN	PROPN	_	conj	5	28	34	_	_	_	_	_	_	_	_	_	_	_	_	_	_
8	étaient	être	AUX	AUX	Mood=Ind|Number=Plur|Person=3|Tense=Imp|VerbForm=Fin	cop	11	35	42	_	_	_	Err	était	35-42	_	_	_	_	_	_	_	_
9	deux	deux	NUM	NUM	Number=Plur	nummod	11	43	47	_	_	_	_	_	_	_	_	_	_	_	_	_	_
10	meilleurs	meilleur	ADJ	ADJ	Gender=Masc|Number=Plur	amod	11	48	57	_	_	_	Err	meilleur	48-57	_	_	_	_	_	_	_	_
11	amis	ami	NOUN	NOUN	Gender=Masc|Number=Plur	root	0	58	62	_	_	_	Err	amie	58-62	_	_	_	_	_	_	_	_
12	d'	de	ADP	ADP	_	case	13	63	65	_	_	_	_	_	_	_	_	_	_	_	_	_	_
13	enfance	enfance	NOUN	NOUN	Gender=Fem|Number=Sing	nmod	11	65	72	_	subst	68-69	_	_	_	_	_	_	_	_	_	_	_
14	,	,	PUNCT	PUNCT	_	punct	19	72	73	_	_	_	_	_	_	_	_	_	_	_	_	_	_
15	tous	tout	ADJ	ADJ	Gender=Masc|Number=Plur	amod	17	74	78	_	_	_	_	_	_	_	_	_	_	_	_	_	_
16	les	le	DET	DET	Definite=Def|Number=Plur|PronType=Art	det	17	79	82	_	_	_	_	_	_	_	_	_	_	_	_	_	_
17	soirs	soir	NOUN	NOUN	Gender=Masc|Number=Plur	obl:mod	19	83	88	_	_	_	_	_	_	_	_	_	_	_	_	_	_
18	ils	il	PRON	PRON	Gender=Masc|Number=Plur|Person=3|PronType=Prs	nsubj	19	89	92	_	_	_	_	_	_	_	_	_	_	_	_	_	_
19	buvaient	buvenir	VERB	VERB	Mood=Ind|Number=Plur|Person=3|Tense=Imp|VerbForm=Fin	conj	11	93	101	_	_	_	_	_	_	_	_	_	_	_	_	_	_
20	un	un	DET	DET	Definite=Ind|Gender=Masc|Number=Sing|PronType=Art	det	22	102	104	_	_	_	_	_	_	_	_	_	_	_	_	_	_
21	petit	petit	ADJ	ADJ	Gender=Masc|Number=Sing	amod	22	105	110	_	_	_	_	_	_	_	_	_	_	_	_	_	_
22	coup	coup	NOUN	NOUN	Gender=Masc|Number=Sing	obj	19	111	115	_	_	_	_	_	_	_	_	_	_	_	_	_	_
23	à	à	ADP	ADP	_	case	25	116	117	_	in_add	116-120	Err	a	116-117	_	_	_	_	_	_	_	_
24	un	un	DET	DET	Definite=Ind|Gender=Masc|Number=Sing|PronType=Art	det	25	118	120	_	in_add	116-120	_	_	_	_	_	_	_	_	_	_	_
25	bar	bar	NOUN	NOUN	Gender=Masc|Number=Sing	obl:arg	19	121	124	_	_	_	_	_	_	_	_	_	_	_	_	_	_
26	.	.	PUNCT	PUNCT	_	punct	11	124	125	_	_	_	_	_	_	_	_	_	_	_	_	_	_
1	Mais	mais	CCONJ	CCONJ	_	cc	6	126	130	_	_	_	_	_	_	_	_	_	_	_	_	_	_
2	ça	ça	PRON	PRON	Gender=Masc|Number=Sing|Person=3|PronType=Dem	dislocated	6	131	133	_	_	_	Err	sa	131-133	_	_	_	_	_	_	_	_
3	c'	ce	PRON	PRON	Gender=Masc|Number=Sing|Person=3|PronType=Dem	nsubj	6	134	136	_	_	_	_	_	_	_	_	_	_	_	_	_	_
4	était	être	AUX	AUX	Mood=Ind|Number=Sing|Person=3|Tense=Imp|VerbForm=Fin	cop	6	136	141	_	_	_	_	_	_	_	_	_	_	_	_	_	_
5	un	un	DET	DET	Definite=Ind|Gender=Masc|Number=Sing|PronType=Art	det	6	142	144	_	_	_	_	_	_	_	_	_	_	_	_	_	_
6	passé	passé	NOUN	NOUN	Gender=Masc|Number=Sing	root	0	145	150	_	_	_	_	_	_	_	_	_	_	_	_	_	_
7	lointain	lointain	ADJ	ADJ	Gender=Masc|Number=Sing	amod	6	151	159	_	_	_	_	_	_	_	_	_	_	_	_	_	_
8	.	.	PUNCT	PUNCT	_	punct	6	159	160	_	_	_	_	_	_	_	_	_	_	_	_	_	_
1	Le	le	DET	DET	Definite=Def|Gender=Masc|Number=Sing|PronType=Art	det	2	161	163	_	_	_	_	_	_	_	_	_	_	_	_	in_GNon_incertDNon_incertRNon	161-178
2	fils	fils	NOUN	NOUN	Gender=Masc|Number=Sing	nsubj	10	164	168	_	_	_	_	_	_	_	_	_	_	_	_	in_GNon_incertDNon_incertRNon	161-178
3	de	de	ADP	ADP	_	case	4	169	171	_	_	_	_	_	_	_	_	_	_	_	_	in_GNon_incertDNon_incertRNon	161-178
4	Gerôme	Gerôme	PROPN	PROPN	_	nmod	2	172	178	_	_	_	_	_	_	_	_	_	_	_	_	in_GNon_incertDNon_incertRNon	161-178
5	a	avoir	AUX	AUX	Mood=Ind|Number=Sing|Person=3|Tense=Pres|VerbForm=Fin	aux:tense	10	179	180	_	_	_	_	_	_	_	_	_	_	_	_	_	_
6	tout	tout	ADV	ADV	_	advmod	10	181	185	_	_	_	_	_	_	_	_	_	_	_	_	_	_
7	à	à	ADP	ADP	_	fixed	6	186	187	_	_	_	Err	a	186-187	_	_	_	_	_	_	_	_
8	fait	fait	NOUN	NOUN	Gender=Masc|Number=Sing	fixed	6	188	192	_	_	_	Err	fais	188-192	_	_	_	_	_	_	_	_
9	une	un	DET	DET	Definite=Ind|Gender=Fem|Number=Sing|PronType=Art	det	10	193	196	_	_	_	_	_	_	_	_	_	_	_	_	_	_
10	vie	vie	NOUN	NOUN	Gender=Fem|Number=Sing	root	0	197	200	_	_	_	Err	vis	197-200	_	_	_	_	_	_	_	_
11	normale	normal	ADJ	ADJ	Gender=Fem|Number=Sing	amod	10	201	208	_	_	_	Err	normal	201-208	_	_	_	_	_	_	_	_
12	,	,	PUNCT	PUNCT	_	punct	19	208	209	_	_	_	_	_	_	_	_	_	_	_	_	_	_
13	mais	mais	CCONJ	CCONJ	_	cc	19	210	214	_	_	_	_	_	_	_	_	_	_	_	_	_	_
14	le	le	DET	DET	Definite=Def|Gender=Masc|Number=Sing|PronType=Art	det	15	215	217	_	_	_	_	_	_	_	_	_	_	_	_	in_GNon_incertDNon_incertRNon	215-232
15	fils	fils	NOUN	NOUN	Gender=Masc|Number=Sing	nsubj	19	218	222	_	_	_	_	_	_	_	_	_	_	_	_	in_GNon_incertDNon_incertRNon	215-232
16	de	de	ADP	ADP	_	case	17	223	225	_	_	_	_	_	_	_	_	_	_	_	_	in_GNon_incertDNon_incertRNon	215-232
17	Pascal	Pascal	PROPN	PROPN	_	nmod	15	226	232	_	_	_	_	_	_	_	_	_	_	_	_	in_GNon_incertDNon_incertRNon	215-232
18	n'	ne	ADV	ADV	Polarity=Neg	advmod	19	233	235	_	_	_	_	_	_	_	_	_	_	_	_	_	_
19	a	avoir	VERB	VERB	Mood=Ind|Number=Sing|Person=3|Tense=Pres|VerbForm=Fin	conj	10	235	236	_	_	_	_	_	_	_	_	_	_	_	_	_	_
20	pas	pas	ADV	ADV	Polarity=Neg	advmod	19	237	240	_	_	_	_	_	_	_	_	_	_	_	_	_	_
21	assez	assez	ADV	ADV	_	obj	19	241	246	_	_	_	_	_	_	_	_	_	_	_	_	_	_
22	d'	de	ADP	ADP	_	case	23	247	249	_	_	_	_	_	_	_	_	_	_	_	_	_	_
23	argent	argent	NOUN	NOUN	Gender=Masc|Number=Sing	dep:comp	21	249	255	_	_	_	_	_	_	_	_	_	_	_	_	_	_
24	pour	pour	ADP	ADP	_	mark	26	256	260	_	_	_	_	_	_	_	_	_	_	_	_	_	_
25	se	se	PRON	PRON	Person=3|PronType=Prs	obl:arg	26	261	263	_	_	_	_	_	_	_	_	_	_	_	_	_	_
26	payer	payer	VERB	VERB	VerbForm=Inf	advcl	19	264	269	_	_	_	Err	payé	264-269	_	_	_	_	_	_	_	_
27	une	un	DET	DET	Definite=Ind|Gender=Fem|Number=Sing|PronType=Art	det	28	270	273	_	_	_	_	_	_	_	_	_	_	_	_	_	_
28	maison	maison	NOUN	NOUN	Gender=Fem|Number=Sing	obj	26	274	280	_	_	_	_	_	_	_	_	_	_	_	_	_	_
29	,	,	PUNCT	PUNCT	_	punct	32	280	281	_	_	_	_	_	_	_	_	_	_	_	_	_	_
30	donc	donc	CCONJ	CCONJ	_	cc	32	282	286	_	_	_	_	_	_	_	_	_	_	_	_	_	_
31	il	il	PRON	PRON	Gender=Masc|Number=Sing|Person=3|PronType=Prs	nsubj	32	287	289	_	_	_	_	_	_	_	_	_	_	_	_	is_GNon_incertDNon_incertRNon	287-289
32	cherche	chercher	VERB	VERB	Mood=Ind|Number=Sing|Person=3|Tense=Pres|VerbForm=Fin	conj	19	290	297	_	_	_	_	_	_	_	_	_	_	_	_	_	_
33	avec	avec	ADP	ADP	_	case	35	298	302	_	in_add	298-314	_	_	_	_	_	_	_	_	_	_	_
34	ses	son	DET	DET	Number=Plur|Number[psor]=Sing|Person[psor]=3|PronType=Prs	det	35	303	306	_	in_add	298-314	_	_	_	_	_	_	_	_	_	is_GNon_incertDNon_incertRNon	303-306
35	parents	parent	NOUN	NOUN	Gender=Masc|Number=Plur	obl:arg	32	307	314	_	in_add	298-314	Err	parent	307-314	_	_	_	_	_	_	_	_
36	,	,	PUNCT	PUNCT	_	punct	40	314	315	_	_	_	_	_	_	_	_	_	_	_	_	_	_
37	puis	puis	CCONJ	CCONJ	_	cc	40	316	320	_	_	_	_	_	_	_	_	_	_	_	_	_	_
38	soudain	soudain	SCONJ	SCONJ	_	mark	40	321	328	_	_	_	_	_	_	_	_	_	_	_	_	_	_
39	il	il	PRON	PRON	Gender=Masc|Number=Sing|Person=3|PronType=Prs	nsubj	40	329	331	_	_	_	_	_	_	_	_	_	_	_	_	is_GNon_incertDNon_incertRNon	329-331
40	trouve	trouver	VERB	VERB	Mood=Ind|Number=Sing|Person=3|Tense=Pres|VerbForm=Fin	conj	32	332	338	_	_	_	_	_	_	_	_	_	_	_	_	_	_
41	une	un	DET	DET	Definite=Ind|Gender=Fem|Number=Sing|PronType=Art	det	42	339	342	_	_	_	_	_	_	_	_	_	_	_	_	_	_
42	maison	maison	NOUN	NOUN	Gender=Fem|Number=Sing	obj	40	343	349	_	_	_	_	_	_	_	_	_	_	_	_	_	_
43	pas	pas	ADV	ADV	Polarity=Neg	advmod	44	350	353	_	_	_	_	_	_	_	_	_	_	_	_	_	_
44	trop	trop	ADV	ADV	_	advmod	45	354	358	_	_	_	_	_	_	_	_	_	_	_	_	_	_
45	chère	cher	ADJ	ADJ	Gender=Fem|Number=Sing	amod	42	359	364	_	_	_	Err	cher	359-364	_	_	_	_	_	_	_	_
46	mais	mais	CCONJ	CCONJ	_	cc	56	365	369	_	_	_	_	_	_	_	_	_	_	_	_	_	_
47	une	un	DET	DET	Definite=Ind|Gender=Fem|Number=Sing|PronType=Art	det	48	370	373	_	_	_	_	_	_	_	_	_	_	_	_	_	_
48	chose	chose	NOUN	NOUN	Gender=Fem|Number=Sing	obl:mod	56	374	379	_	_	_	_	_	_	_	_	_	_	_	_	_	_
49	l'	le	DET	DET	Definite=Def|Number=Sing|PronType=Art	det	48	380	382	_	_	_	_	_	_	_	_	_	_	_	_	GNon_incertDNon_incertRNon	380-381
50	interpela	interpeler	VERB	VERB	Mood=Ind|Number=Sing|Person=3|Tense=Pres|VerbForm=Fin	parataxis	56	382	391	_	_	_	_	_	_	_	_	_	_	_	_	_	_
51	il	il	PRON	PRON	Gender=Masc|Number=Sing|Person=3|PronType=Prs	nsubj	56	392	394	_	_	_	_	_	_	_	_	_	_	_	_	_	_
52	n'	ne	ADV	ADV	Polarity=Neg	advmod	56	395	397	_	_	_	_	_	_	_	_	_	_	_	_	_	_
53	y	y	PRON	PRON	Person=3|PronType=Prs	obl:mod	56	397	398	_	_	_	_	_	_	_	_	_	_	_	_	_	_
54	a	avoir	AUX	AUX	Mood=Ind|Number=Sing|Person=3|Tense=Pres|VerbForm=Fin	aux:tense	56	399	400	_	_	_	_	_	_	_	_	_	_	_	_	_	_
55	pas	pas	ADV	ADV	Polarity=Neg	advmod	56	401	404	_	_	_	_	_	_	_	_	_	_	_	_	_	_
56	marqué	marquer	VERB	VERB	Gender=Masc|Number=Sing|Tense=Past|VerbForm=Part	conj	40	405	411	_	_	_	Err	marquer	405-411	_	_	_	_	_	_	_	_
57	«	«	PUNCT	PUNCT	_	punct	59	412	413	_	_	_	_	_	_	_	_	_	_	_	_	_	_
58	À	à	ADP	ADP	_	case	59	414	415	_	_	_	Err	A	414-415	_	_	_	_	_	_	_	_
59	VENDRE	VENDRE	PROPN	PROPN	_	obl:arg	56	416	422	_	_	_	_	_	_	_	_	_	_	_	_	_	_
60	»	»	PUNCT	PUNCT	_	punct	59	423	424	_	_	_	_	_	_	_	_	_	_	_	_	_	_
61	.	.	PUNCT	PUNCT	_	punct	10	424	425	_	_	_	_	_	_	_	_	_	_	_	_	_	_
1	En	en	ADP	ADP	_	mark	2	426	428	_	_	_	_	_	_	_	_	_	_	_	_	_	_
2	allant	aller	VERB	VERB	Tense=Pres|VerbForm=Part	advcl	7	429	435	_	_	_	_	_	_	_	_	_	_	_	_	_	_
3	à	à	ADP	ADP	_	case	5	437	437	_	_	_	_	_	_	_	_	_	_	_	_	_	_
4	le	le	DET	DET	Definite=Def|Gender=Masc|Number=Sing|PronType=Art	det	5	438	438	_	_	_	_	_	_	_	_	_	_	_	_	_	_
5	bar	bar	NOUN	NOUN	Gender=Masc|Number=Sing	obl:arg	2	439	442	_	_	_	_	_	_	_	_	_	_	_	_	_	_
6	il	il	PRON	PRON	Gender=Masc|Number=Sing|Person=3|PronType=Prs	nsubj	7	443	445	_	_	_	_	_	_	_	_	_	_	_	_	is_GNon_incertDNon_incertRNon	443-445
7	retrouve	retrouver	VERB	VERB	Mood=Ind|Number=Sing|Person=3|Tense=Pres|VerbForm=Fin	root	0	446	454	_	_	_	_	_	_	_	_	_	_	_	_	_	_
8	Didier	Didier	PROPN	PROPN	_	obj	7	455	461	_	_	_	_	_	_	_	_	_	_	_	_	in_GNon_incertDNon_incertRNon	455-479
9	le	le	DET	DET	Definite=Def|Gender=Masc|Number=Sing|PronType=Art	det	10	462	464	_	_	_	_	_	_	_	_	_	_	_	_	in_GNon_incertDNon_incertRNon	455-479
10	fils	fils	NOUN	NOUN	Gender=Masc|Number=Sing	obj	7	465	469	_	_	_	_	_	_	_	_	_	_	_	_	in_GNon_incertDNon_incertRNon	455-479
11	de	de	ADP	ADP	_	case	12	470	472	_	_	_	_	_	_	_	_	_	_	_	_	in_GNon_incertDNon_incertRNon	455-479
12	Gerôme	Gerôme	PROPN	PROPN	_	nmod	10	473	479	_	_	_	Err	Gêrome	473-479	_	_	_	_	_	_	in_GNon_incertDNon_incertRNon	455-479
13	,	,	PUNCT	PUNCT	_	punct	15	479	480	_	_	_	_	_	_	_	_	_	_	_	_	_	_
14	ils	il	PRON	PRON	Gender=Masc|Number=Plur|Person=3|PronType=Prs	nsubj	15	481	484	_	_	_	_	_	_	_	_	_	_	is_GNon_incertDNon_incertRNon	481-484	_	_
15	parlent	parler	VERB	VERB	Mood=Ind|Number=Plur|Person=3|Tense=Pres|VerbForm=Fin	conj	7	485	492	_	_	_	_	_	_	_	_	_	_	_	_	_	_
16	jusqu'	jusque	ADP	ADP	_	case	18	493	499	_	_	_	_	_	_	_	_	_	_	_	_	_	_
17	à	à	ADP	ADP	_	case	18	499	500	_	_	_	_	_	_	_	_	_	_	_	_	_	_
18	23h	23h	NUM	NUM	Number=Plur	obl:mod	15	501	504	_	_	_	_	_	_	_	_	_	_	_	_	_	_
19	00	00	NUM	NUM	Number=Plur	nmod	18	504	506	_	_	_	_	_	_	_	_	_	_	_	_	_	_
20	,	,	PUNCT	PUNCT	_	punct	27	506	507	_	_	_	_	_	_	_	_	_	_	_	_	_	_
21	donc	donc	CCONJ	CCONJ	_	cc	27	508	512	_	subst	508-509	_	_	_	_	_	_	_	_	_	_	_
22	Celestin	Celestin	PROPN	PROPN	_	nsubj	27	513	521	_	subst	513-514	_	_	_	_	_	_	_	_	_	in_GNon_incertDNon_incertRNon	513-539
23	le	le	DET	DET	Definite=Def|Gender=Masc|Number=Sing|PronType=Art	det	24	522	524	_	_	_	_	_	_	_	_	_	_	_	_	in_GNon_incertDNon_incertRNon	513-539
24	fils	fils	NOUN	NOUN	Gender=Masc|Number=Sing	appos	22	525	529	_	_	_	_	_	_	_	_	_	_	_	_	in_GNon_incertDNon_incertRNon	513-539
25	de	de	ADP	ADP	_	case	26	530	532	_	_	_	_	_	_	_	_	_	_	_	_	in_GNon_incertDNon_incertRNon	513-539
26	Pascal	Pascal	PROPN	PROPN	_	nmod	24	533	539	_	_	_	_	_	_	_	_	_	_	_	_	in_GNon_incertDNon_incertRNon	513-539
27	décide	décider	VERB	VERB	Mood=Ind|Number=Sing|Person=3|Tense=Pres|VerbForm=Fin	conj	7	540	546	_	_	_	_	_	_	_	_	_	_	_	_	_	_
28	de	de	ADP	ADP	_	mark	29	547	549	_	_	_	_	_	_	_	_	_	_	_	_	_	_
29	rentrer	rentrer	VERB	VERB	VerbForm=Inf	xcomp	27	550	557	_	_	_	_	_	_	_	_	_	_	_	_	_	_
30	dans	dans	ADP	ADP	_	case	33	558	562	_	_	_	_	_	_	_	_	_	_	_	_	_	_
31	sa	son	DET	DET	Gender=Fem|Number=Sing|Number[psor]=Sing|Person[psor]=3|PronType=Prs	det	33	563	565	_	subst	563-564	_	_	_	_	_	_	_	_	_	is_GNon_incertDNon_incertRNon	563-565
32	nouvelle	nouveau	ADJ	ADJ	Gender=Fem|Number=Sing	amod	33	566	574	_	_	_	_	_	_	_	_	_	_	_	_	_	_
33	maison	maison	NOUN	NOUN	Gender=Fem|Number=Sing	obl:arg	29	575	581	_	_	_	_	_	_	_	_	_	_	_	_	_	_
34	avec	avec	ADP	ADP	_	case	35	582	586	_	_	_	_	_	_	_	_	_	_	_	_	_	_
35	Didier	Didier	PROPN	PROPN	_	obl:mod	29	587	593	_	_	_	_	_	_	_	_	_	_	_	_	is_GNon_incertDNon_incertRNon	587-593
36	.	.	PUNCT	PUNCT	_	punct	7	593	594	_	_	_	_	_	_	_	_	_	_	_	_	_	_
1	Enfin	enfin	ADV	ADV	_	advmod	2	595	600	_	_	_	_	_	_	_	_	_	_	in_GNon_incertDNon_incertRNon	595-612	_	_
2	rentrés	rentrer	VERB	VERB	Gender=Masc|Number=Plur|Tense=Past|VerbForm=Part	advcl	4	601	608	_	_	_	Err	rentrer	601-608	_	_	_	_	in_GNon_incertDNon_incertRNon	595-612	_	_
3	ils	il	PRON	PRON	Gender=Masc|Number=Plur|Person=3|PronType=Prs	nsubj	4	609	612	_	_	_	_	_	_	_	_	_	_	in_GNon_incertDNon_incertRNon	595-612	_	_
4	voient	voir	VERB	VERB	Mood=Ind|Number=Plur|Person=3|Tense=Pres|VerbForm=Fin	root	0	613	619	_	_	_	Err	voyent	613-619	_	_	_	_	_	_	_	_
5	une	un	DET	DET	Definite=Ind|Gender=Fem|Number=Sing|PronType=Art	det	7	620	623	_	_	_	_	_	_	in_GNon_incertDNon_incertRNon	620-636	_	_	_	_	_	_
6	vieille	vieux	ADJ	ADJ	Gender=Fem|Number=Sing	amod	7	624	631	_	_	_	Err	vieil	624-631	in_GNon_incertDNon_incertRNon	620-636	_	_	_	_	_	_
7	dame	dame	NOUN	NOUN	Gender=Fem|Number=Sing	obj	4	632	636	_	_	_	Err	dame	632-640	in_GNon_incertDNon_incertRNon	620-636	_	_	_	_	_	_
8	qui	qui	PRON	PRON	PronType=Rel	nsubj	10	637	640	_	_	_	Err	dame	632-640	is_GNon_incertDNon_incertRNon	637-640	_	_	_	_	_	_
9	leur	lui	PRON	PRON	Number=Plur|Person=3|PronType=Prs	obl:arg	10	641	645	_	_	_	_	_	_	_	_	_	_	is_GNon_incertDNon_incertRNon	641-645	_	_
10	donner	donner	VERB	VERB	VerbForm=Inf	acl:relcl	7	646	652	_	_	_	Err	donnait	646-652	_	_	_	_	_	_	_	_
11	des	un	DET	DET	Definite=Ind|Number=Plur|PronType=Art	det	12	653	656	_	_	_	_	_	_	_	_	_	_	_	_	_	_
12	tartes	tarte	NOUN	NOUN	Gender=Fem|Number=Plur	obj	10	657	663	_	_	_	_	_	_	_	_	_	_	_	_	_	_
13	à	à	ADP	ADP	_	case	15	665	665	_	_	_	Err	au	664-667	_	_	_	_	_	_	_	_
14	les	le	DET	DET	Definite=Def|Number=Plur|PronType=Art	det	15	666	666	_	_	_	Err	au	664-667	_	_	_	_	_	_	_	_
15	pommes	pomme	NOUN	NOUN	Gender=Fem|Number=Plur	obl:arg	10	668	674	_	_	_	Err	pomme	668-674	_	_	_	_	_	_	_	_
16	.	.	PUNCT	PUNCT	_	punct	4	674	675	_	_	_	_	_	_	_	_	_	_	_	_	_	_
1	Didier	Didier	PROPN	PROPN	_	nsubj	5	676	682	_	_	_	_	_	_	_	_	_	_	in_GNon_incertDNon_incertRNon	676-694	_	_
2	et	et	CCONJ	CCONJ	_	cc	3	683	685	_	_	_	_	_	_	_	_	_	_	in_GNon_incertDNon_incertRNon	676-694	_	_
3	Celestin	Celestin	PROPN	PROPN	_	conj	1	686	694	_	_	_	_	_	_	_	_	_	_	in_GNon_incertDNon_incertRNon	676-694	_	_
4	la	le	PRON	PRON	Gender=Fem|Number=Sing|Person=3|PronType=Prs	obj	5	695	697	_	_	_	_	_	_	is_GNon_incertDNon_incertRNon	695-697	_	_	_	_	_	_
5	trouvent	trouver	VERB	VERB	Mood=Ind|Number=Plur|Person=3|Tense=Pres|VerbForm=Fin	root	0	698	706	_	_	_	Err	trouve	698-706	_	_	_	_	_	_	_	_
6	très	très	ADV	ADV	_	advmod	7	707	711	_	_	_	_	_	_	_	_	_	_	_	_	_	_
7	gentille	gentille	ADJ	ADJ	Gender=Fem|Number=Sing	xcomp	5	712	720	_	_	_	Err	gentil	712-720	_	_	_	_	_	_	_	_
8	et	et	CCONJ	CCONJ	_	cc	10	721	723	_	_	_	_	_	_	_	_	_	_	_	_	_	_
9	très	très	ADV	ADV	_	advmod	10	724	728	_	_	_	_	_	_	_	_	_	_	_	_	_	_
10	accueillante	accueillant	ADJ	ADJ	Gender=Fem|Number=Sing	conj	7	729	741	_	_	_	Err	acceuillante	729-741	_	_	_	_	_	_	_	_
11	.	.	PUNCT	PUNCT	_	punct	5	741	742	_	_	_	_	_	_	_	_	_	_	_	_	_	_
1	Mais	mais	CCONJ	CCONJ	_	cc	4	743	747	_	_	_	_	_	_	_	_	_	_	_	_	_	_
2	cette	ce	DET	DET	Gender=Fem|Number=Sing|PronType=Dem	det	3	748	753	_	_	_	_	_	_	in_GNon_incertDNon_incertRNon	748-758	_	_	_	_	_	_
3	dame	dame	NOUN	NOUN	Gender=Fem|Number=Sing	nsubj	4	754	758	_	_	_	_	_	_	in_GNon_incertDNon_incertRNon	748-758	_	_	_	_	_	_
4	avait	avoir	VERB	VERB	Mood=Ind|Number=Sing|Person=3|Tense=Imp|VerbForm=Fin	root	0	759	764	_	_	_	_	_	_	_	_	_	_	_	_	_	_
5	un	un	DET	DET	Definite=Ind|Gender=Masc|Number=Sing|PronType=Art	det	6	765	767	_	_	_	_	_	_	_	_	_	_	_	_	_	_
6	regard	regard	NOUN	NOUN	Gender=Masc|Number=Sing	obj	4	768	774	_	_	_	_	_	_	_	_	_	_	_	_	_	_
7	louche	louche	ADJ	ADJ	Gender=Masc|Number=Sing	amod	6	775	781	_	_	_	Err	louch	775-781	_	_	_	_	_	_	_	_
8	,	,	PUNCT	PUNCT	_	punct	11	781	782	_	_	_	_	_	_	_	_	_	_	_	_	_	_
9	sur	sur	ADP	ADP	_	case	11	783	786	_	_	_	_	_	_	_	_	_	_	_	_	_	_
10	ses	son	DET	DET	Number=Plur|Number[psor]=Sing|Person[psor]=3|PronType=Prs	det	11	787	790	_	_	_	_	_	_	is_GNon_incertDNon_incertRNon	787-790	_	_	_	_	_	_
11	tartes	tarte	NOUN	NOUN	Gender=Fem|Number=Plur	obl:mod	4	791	797	_	_	_	_	_	_	_	_	_	_	_	_	_	_
12	à	à	ADP	ADP	_	case	14	799	799	_	_	_	Err	au	798-801	_	_	_	_	_	_	_	_
13	les	le	DET	DET	Definite=Def|Number=Plur|PronType=Art	det	14	800	800	_	_	_	Err	au	798-801	_	_	_	_	_	_	_	_
14	pommes	pomme	NOUN	NOUN	Gender=Fem|Number=Plur	nmod	11	802	808	_	_	_	_	_	_	_	_	_	_	_	_	_	_
15	il	il	PRON	PRON	Gender=Masc|Number=Sing|Person=3|PronType=Prs	nsubj	19	809	811	_	_	_	_	_	_	_	_	_	_	_	_	_	_
16	y	y	PRON	PRON	Person=3|PronType=Prs	obl:mod	19	812	813	_	_	_	_	_	_	_	_	_	_	_	_	_	_
17	a	avoir	AUX	AUX	Mood=Ind|Number=Sing|Person=3|Tense=Pres|VerbForm=Fin	aux:tense	19	814	815	_	_	_	_	_	_	_	_	_	_	_	_	_	_
18	toujours	toujours	ADV	ADV	_	advmod	19	816	824	_	_	_	_	_	_	_	_	_	_	_	_	_	_
19	marqué	marquer	VERB	VERB	Gender=Masc|Number=Sing|Tense=Past|VerbForm=Part	parataxis	4	825	831	_	_	_	Err	marquer	825-831	_	_	_	_	_	_	_	_
20	«	«	PUNCT	PUNCT	_	punct	21	832	833	_	_	_	_	_	_	_	_	_	_	_	_	_	_
21	Mme	madame	NOUN	NOUN	Gender=Fem|Number=Sing	obj	19	834	837	_	_	_	_	_	_	in_GNon_incertDNon_incertRNon	834-846	_	_	_	_	_	_
22	Popkhins	Popkhins	PROPN	PROPN	_	flat:name	21	838	846	_	_	_	_	_	_	in_GNon_incertDNon_incertRNon	834-846	_	_	_	_	_	_
23	»	»	PUNCT	PUNCT	_	punct	21	847	848	_	_	_	_	_	_	_	_	_	_	_	_	_	_
24	Didier	Didier	PROPN	PROPN	_	appos	21	849	855	_	_	_	_	_	_	_	_	_	_	in_GNon_incertDNon_incertRNon	849-867	_	_
25	et	et	CCONJ	CCONJ	_	cc	26	856	858	_	_	_	_	_	_	_	_	_	_	in_GNon_incertDNon_incertRNon	849-867	_	_
26	Célestin	Célestin	PROPN	PROPN	_	conj	24	859	867	_	_	_	Err	célestin	859-867	_	_	_	_	in_GNon_incertDNon_incertRNon	849-867	_	_
27	sont	être	AUX	AUX	Mood=Ind|Number=Plur|Person=3|Tense=Pres|VerbForm=Fin	aux:pass	29	868	872	_	_	_	_	_	_	_	_	_	_	_	_	_	_
28	très	très	ADV	ADV	_	advmod	29	873	877	_	_	_	_	_	_	_	_	_	_	_	_	_	_
29	fatigués	fatiguer	VERB	VERB	Gender=Masc|Number=Plur|Tense=Past|VerbForm=Part	conj	4	878	886	_	_	_	Err	fatigué	878-886	_	_	_	_	_	_	_	_
30	ils	il	PRON	PRON	Gender=Masc|Number=Plur|Person=3|PronType=Prs	nsubj	31	887	890	_	_	_	_	_	_	_	_	_	_	is_GNon_incertDNon_incertRNon	887-890	_	_
31	veulent	vouloir	VERB	VERB	Mood=Ind|Number=Plur|Person=3|Tense=Pres|VerbForm=Fin	conj	29	891	898	_	_	_	_	_	_	_	_	_	_	_	_	_	_
32	s'	se	PRON	PRON	Person=3|PronType=Prs	expl:pass	33	899	901	_	_	_	Err	sendormir	899-909	_	_	_	_	_	_	_	_
33	endormir	endormir	VERB	VERB	VerbForm=Inf	xcomp	31	901	909	_	_	_	Err	sendormir	899-909	_	_	_	_	_	_	_	_
34	,	,	PUNCT	PUNCT	_	punct	38	909	910	_	_	_	_	_	_	_	_	_	_	_	_	_	_
35	mais	mais	CCONJ	CCONJ	_	cc	38	911	915	_	_	_	_	_	_	_	_	_	_	_	_	_	_
36	il	il	PRON	PRON	Gender=Masc|Number=Sing|Person=3|PronType=Prs	expl:subj	38	916	918	_	_	_	_	_	_	_	_	_	_	_	_	_	_
37	y	y	PRON	PRON	Person=3|PronType=Prs	dep:comp	38	919	920	_	_	_	_	_	_	_	_	_	_	_	_	_	_
38	avait	avoir	VERB	VERB	Mood=Ind|Number=Sing|Person=3|Tense=Imp|VerbForm=Fin	conj	31	921	926	_	_	_	_	_	_	_	_	_	_	_	_	_	_
39	comme	comme	ADP	ADP	_	case	40	927	932	_	_	_	_	_	_	_	_	_	_	_	_	_	_
40	quelque	quelque	DET	DET	Number=Sing|PronType=Ind	obl:mod	38	933	940	_	_	_	_	_	_	_	_	_	_	_	_	_	_
41	chose	chose	NOUN	NOUN	Gender=Fem|Number=Sing	fixed	40	941	946	_	_	_	Err	chose	941-950	_	_	_	_	_	_	_	_
42	qui	qui	PRON	PRON	PronType=Rel	nsubj	44	947	950	_	_	_	Err	chose	941-950	_	_	_	_	_	_	_	_
43	les	le	PRON	PRON	Number=Plur|Person=3|PronType=Prs	obj	44	951	954	_	_	_	Err	leur	951-954	_	_	_	_	is_GNon_incertDNon_incertRNon	951-954	_	_
44	retenait	retenir	VERB	VERB	Mood=Ind|Number=Sing|Person=3|Tense=Imp|VerbForm=Fin	acl:relcl	40	955	963	_	_	_	Err	retener	955-963	_	_	_	_	_	_	_	_
45	de	de	ADP	ADP	_	mark	46	964	966	_	_	_	_	_	_	_	_	_	_	_	_	_	_
46	dormir	dormir	VERB	VERB	VerbForm=Inf	xcomp	44	967	973	_	_	_	_	_	_	_	_	_	_	_	_	_	_
47	.	.	PUNCT	PUNCT	_	punct	4	973	974	_	_	_	_	_	_	_	_	_	_	_	_	_	_
1	Quand	quand	SCONJ	SCONJ	_	mark	3	975	980	_	_	_	_	_	_	_	_	_	_	_	_	_	_
2	ils	il	PRON	PRON	Gender=Masc|Number=Plur|Person=3|PronType=Prs	nsubj	3	981	984	_	_	_	_	_	_	_	_	_	_	is_GNon_incertDNon_incertRNon	981-984	_	_
3	arrivent	arriver	VERB	VERB	Mood=Ind|Number=Plur|Person=3|Tense=Pres|VerbForm=Fin	advcl	7	985	993	_	_	_	_	_	_	_	_	_	_	_	_	_	_
4	à	à	ADP	ADP	_	mark	5	994	995	_	_	_	Err	a	994-995	_	_	_	_	_	_	_	_
5	dormir	dormir	VERB	VERB	VerbForm=Inf	xcomp	3	996	1002	_	_	_	_	_	_	_	_	_	_	_	_	_	_
6	ils	il	PRON	PRON	Gender=Masc|Number=Plur|Person=3|PronType=Prs	nsubj	7	1003	1006	_	_	_	_	_	_	_	_	_	_	is_GNon_incertDNon_incertRNon	1003-1006	_	_
7	rêvent	rêver	VERB	VERB	Mood=Ind|Number=Plur|Person=3|Tense=Pres|VerbForm=Fin	root	0	1007	1013	_	_	_	Err	revent	1007-1013	_	_	_	_	_	_	_	_
8	de	de	ADP	ADP	_	case	11	1014	1016	_	_	_	_	_	_	_	_	_	_	_	_	_	_
9	la	le	DET	DET	Definite=Def|Gender=Fem|Number=Sing|PronType=Art	det	11	1017	1019	_	_	_	_	_	_	_	_	_	_	_	_	_	_
10	même	même	ADJ	ADJ	Gender=Fem|Number=Sing	amod	11	1020	1024	_	_	_	_	_	_	_	_	_	_	_	_	_	_
11	chose	chose	NOUN	NOUN	Gender=Fem|Number=Sing	obl:arg	7	1025	1030	_	_	_	_	_	_	_	_	_	_	_	_	_	_
12	.	.	PUNCT	PUNCT	_	punct	7	1030	1031	_	_	_	_	_	_	_	_	_	_	_	_	_	_
1	Ils	il	PRON	PRON	Gender=Masc|Number=Plur|Person=3|PronType=Prs	nsubj	2	1032	1035	_	_	_	_	_	_	_	_	_	_	is_GNon_incertDNon_incertRNon	1032-1035	_	_
2	rêvent	rêver	VERB	VERB	Mood=Ind|Number=Plur|Person=3|Tense=Pres|VerbForm=Fin	root	0	1036	1042	_	_	_	Err	revent	1036-1042	_	_	_	_	_	_	_	_
3	que	que	SCONJ	SCONJ	_	mark	6	1043	1046	_	_	_	_	_	_	_	_	_	_	_	_	_	_
4	Mme	madame	NOUN	NOUN	Gender=Fem|Number=Sing	nsubj	6	1047	1050	_	_	_	_	_	_	in_GNon_incertDNon_incertRNon	1047-1059	_	_	_	_	_	_
5	Popkhins	Popkhins	PROPN	PROPN	_	flat:name	4	1051	1059	_	_	_	_	_	_	in_GNon_incertDNon_incertRNon	1047-1059	_	_	_	_	_	_
6	marchait	marcher	VERB	VERB	Mood=Ind|Number=Sing|Person=3|Tense=Imp|VerbForm=Fin	ccomp	2	1060	1068	_	_	_	Err	marchais	1060-1068	_	_	_	_	_	_	_	_
7	dans	dans	ADP	ADP	_	case	9	1069	1073	_	_	_	_	_	_	_	_	_	_	_	_	_	_
8	le	le	DET	DET	Definite=Def|Gender=Masc|Number=Sing|PronType=Art	det	9	1074	1076	_	_	_	_	_	_	_	_	_	_	_	_	_	_
9	grenier	grenier	NOUN	NOUN	Gender=Masc|Number=Sing	obl:arg	6	1077	1084	_	_	_	_	_	_	_	_	_	_	_	_	_	_
10	,	,	PUNCT	PUNCT	_	punct	13	1084	1085	_	_	_	_	_	_	_	_	_	_	_	_	_	_
11	donc	donc	CCONJ	CCONJ	_	cc	13	1086	1090	_	_	_	_	_	_	_	_	_	_	_	_	_	_
12	ils	il	PRON	PRON	Gender=Masc|Number=Plur|Person=3|PronType=Prs	nsubj	13	1091	1094	_	_	_	_	_	_	_	_	_	_	is_GNon_incertDNon_incertRNon	1091-1094	_	_
13	vont	aller	VERB	VERB	Mood=Ind|Number=Plur|Person=3|Tense=Pres|VerbForm=Fin	conj	2	1095	1099	_	_	_	Err	voir	1095-1104	_	_	_	_	_	_	_	_
14	voir	voir	VERB	VERB	VerbForm=Inf	xcomp	13	1100	1104	_	_	_	Err	voir	1095-1104	_	_	_	_	_	_	_	_
15	le	le	DET	DET	Definite=Def|Gender=Masc|Number=Sing|PronType=Art	det	16	1105	1107	_	_	_	_	_	_	_	_	_	_	_	_	_	_
16	voisin	voisin	NOUN	NOUN	Gender=Masc|Number=Sing	obj	14	1108	1114	_	_	_	_	_	_	_	_	_	_	_	_	_	_
17	pour	pour	ADP	ADP	_	mark	19	1115	1119	_	_	_	_	_	_	_	_	_	_	_	_	_	_
18	lui	lui	PRON	PRON	Gender=Masc|Number=Sing|Person=3|PronType=Prs	obl:arg	19	1120	1123	_	_	_	_	_	_	_	_	_	_	_	_	_	_
19	parler	parler	VERB	VERB	VerbForm=Inf	advcl	14	1124	1130	_	_	_	Err	parlaient	1124-1130	_	_	_	_	_	_	_	_
20	de	de	ADP	ADP	_	case	21	1131	1133	_	_	_	_	_	_	_	_	_	_	_	_	_	_
21	Mme	madame	NOUN	NOUN	Gender=Fem|Number=Sing	obl:arg	19	1134	1137	_	_	_	_	_	_	in_GNon_incertDNon_incertRNon	1134-1146	_	_	_	_	_	_
22	Popkhins	Popkhins	PROPN	PROPN	_	flat:name	21	1138	1146	_	_	_	_	_	_	in_GNon_incertDNon_incertRNon	1134-1146	_	_	_	_	_	_
23	.	.	PUNCT	PUNCT	_	punct	2	1146	1147	_	_	_	_	_	_	_	_	_	_	_	_	_	_
1	Elle	il	PRON	PRON	Gender=Fem|Number=Sing|Person=3|PronType=Prs	nsubj	2	1148	1152	consigne	_	_	_	_	_	is_GNon_incertDNon_incertRNon	1148-1152	_	_	_	_	_	_
2	habitait	habiter	VERB	VERB	Mood=Ind|Number=Sing|Person=3|Tense=Imp|VerbForm=Fin	root	0	1153	1161	consigne	_	_	_	_	_	_	_	_	_	_	_	_	_
3	dans	dans	ADP	ADP	_	case	5	1162	1166	consigne	_	_	_	_	_	_	_	_	_	_	_	_	_
4	cette	ce	DET	DET	Gender=Fem|Number=Sing|PronType=Dem	det	5	1167	1172	consigne	_	_	_	_	_	_	_	_	_	_	_	_	_
5	maison	maison	NOUN	NOUN	Gender=Fem|Number=Sing	obl:mod	2	1173	1179	consigne	_	_	_	_	_	_	_	_	_	_	_	_	_
6	depuis	depuis	ADP	ADP	_	case	7	1180	1186	consigne	_	_	_	_	_	_	_	_	_	_	_	_	_
7	longtemps	longtemps	ADV	ADV	_	obl:mod	2	1187	1196	consigne	_	_	_	_	_	_	_	_	_	_	_	_	_
8	,	,	PUNCT	PUNCT	_	punct	9	1196	1197	consigne	_	_	Err	. dit -- alternatives : . Dit	1196-1201	_	_	_	_	_	_	_	_
9	dit	dire	VERB	VERB	Gender=Masc|Number=Sing|Tense=Past|VerbForm=Part	advcl	2	1198	1201	_	_	_	Err	. dit -- alternatives : . Dit	1196-1201	_	_	_	_	_	_	_	_
10	le	le	DET	DET	Definite=Def|Gender=Masc|Number=Sing|PronType=Art	det	11	1202	1204	_	_	_	_	_	_	_	_	_	_	_	_	_	_
11	voisin	voisin	NOUN	NOUN	Gender=Masc|Number=Sing	xcomp	9	1205	1211	_	_	_	_	_	_	_	_	_	_	_	_	_	_
12	en	en	ADP	ADP	_	case	13	1212	1214	_	_	_	_	_	_	_	_	_	_	_	_	_	_
13	souriant	souriant	NOUN	NOUN	Gender=Masc|Number=Sing	nmod	11	1215	1223	_	_	_	_	_	_	_	_	_	_	_	_	_	_
14	.	.	PUNCT	PUNCT	_	punct	2	1223	1224	_	_	_	_	_	_	_	_	_	_	_	_	_	_
1	C'	ce	PRON	PRON	Gender=Masc|Number=Sing|Person=3|PronType=Dem	expl:subj	3	1225	1227	_	_	_	_	_	_	_	_	_	_	_	_	_	_
2	est	être	AUX	AUX	Mood=Ind|Number=Sing|Person=3|Tense=Pres|VerbForm=Fin	cop	3	1227	1230	_	_	_	_	_	_	_	_	_	_	_	_	_	_
3	là	là	ADV	ADV	_	root	0	1231	1233	_	del	1233-1233	Err	la	1231-1233	_	_	_	_	_	_	_	_
4	où	où	ADV	ADV	PronType=Rel	advmod	6	1234	1236	_	_	_	Err	ou	1234-1236	_	_	_	_	_	_	_	_
5	on	on	PRON	PRON	Gender=Masc|Number=Sing|Person=3|PronType=Ind	nsubj	6	1237	1239	_	_	_	Err	ont	1237-1239	_	_	_	_	_	_	_	_
6	commence	commencer	VERB	VERB	Mood=Ind|Number=Sing|Person=3|Tense=Pres|VerbForm=Fin	advcl:cleft	3	1240	1248	_	_	_	_	_	_	_	_	_	_	_	_	_	_
7	à	à	ADP	ADP	_	mark	8	1249	1250	_	_	_	Err	a	1249-1250	_	_	_	_	_	_	_	_
8	avoir	avoir	VERB	VERB	VerbForm=Inf	xcomp	6	1251	1256	_	_	_	_	_	_	_	_	_	_	_	_	_	_
9	peur	peur	NOUN	NOUN	Gender=Fem|Number=Sing	obj:lvc	8	1257	1261	_	_	_	_	_	_	_	_	_	_	_	_	_	_
10	.	.	PUNCT	PUNCT	_	punct	3	1261	1262	_	_	_	_	_	_	_	_	_	_	_	_	_	_
1	Mais	mais	CCONJ	CCONJ	_	cc	7	1263	1267	_	subst	1264-1266	_	_	_	_	_	_	_	_	_	_	_
2	tout	tout	DET	DET	Gender=Masc|Number=Sing|PronType=Ind	det	3	1268	1272	_	_	_	Err	tous	1268-1272	_	_	_	_	_	_	_	_
3	ça	ça	PRON	PRON	Gender=Masc|Number=Sing|Person=3|PronType=Dem	nsubj	7	1273	1275	_	issubst	1273-1275	Err	sa	1273-1275	_	_	_	_	_	_	_	_
4	est	être	AUX	AUX	Mood=Ind|Number=Sing|Person=3|Tense=Pres|VerbForm=Fin	cop	7	1276	1279	_	_	_	Err	ai	1276-1279	_	_	_	_	_	_	_	_
5	juste	juste	ADV	ADV	_	advmod	7	1280	1285	_	_	_	_	_	_	_	_	_	_	_	_	_	_
6	un	un	DET	DET	Definite=Ind|Gender=Masc|Number=Sing|PronType=Art	det	7	1286	1288	_	_	_	_	_	_	_	_	_	_	_	_	_	_
7	rêve	rêve	NOUN	NOUN	Gender=Masc|Number=Sing	root	0	1289	1293	_	_	_	_	_	_	_	_	_	_	_	_	_	_
8	.	.	PUNCT	PUNCT	_	punct	7	1293	1294	_	_	_	_	_	_	_	_	_	_	_	_	_	_
1	Mais	mais	CCONJ	CCONJ	_	cc	8	1295	1299	_	_	_	_	_	_	_	_	_	_	_	_	_	_
2	soudain	soudain	ADV	ADV	_	advmod	8	1300	1307	_	_	_	_	_	_	_	_	_	_	_	_	_	_
3	quand	quand	SCONJ	SCONJ	_	mark	6	1308	1313	_	_	_	_	_	_	_	_	_	_	_	_	_	_
4	il	il	PRON	PRON	Gender=Masc|Number=Sing|Person=3|PronType=Prs	nsubj	6	1314	1316	_	_	_	_	_	_	_	_	is_GNon_incertDNon_incertRNon	1314-1316	_	_	_	_
5	se	se	PRON	PRON	Person=3|PronType=Prs	dep:comp	6	1317	1319	_	_	_	_	_	_	_	_	_	_	_	_	_	_
6	réveille	réveiller	VERB	VERB	Mood=Ind|Number=Sing|Person=3|Tense=Pres|VerbForm=Fin	advcl	8	1320	1328	_	_	_	Err	reveil	1320-1328	_	_	_	_	_	_	_	_
7	il	il	PRON	PRON	Gender=Masc|Number=Sing|Person=3|PronType=Prs	nsubj	8	1329	1331	_	_	_	_	_	_	_	_	is_GNon_incertDNon_incertRNon	1329-1331	_	_	_	_
8	entend	entendre	VERB	VERB	Mood=Ind|Number=Sing|Person=3|Tense=Pres|VerbForm=Fin	root	0	1332	1338	_	_	_	_	_	_	_	_	_	_	_	_	_	_
9	les	le	DET	DET	Definite=Def|Number=Plur|PronType=Art	det	10	1339	1342	_	_	_	_	_	_	_	_	_	_	_	_	_	_
10	pas	pas	NOUN	NOUN	Gender=Masc|Number=Plur	obj	8	1343	1346	_	_	_	_	_	_	_	_	_	_	_	_	_	_
11	de	de	ADP	ADP	_	case	12	1347	1349	_	_	_	_	_	_	_	_	_	_	_	_	_	_
12	Mme	madame	NOUN	NOUN	Gender=Fem|Number=Sing	nmod	10	1350	1353	_	_	_	_	_	_	in_GNon_incertDNon_incertRNon	1350-1362	_	_	_	_	_	_
13	Popkhins	Popkhins	PROPN	PROPN	_	flat:name	12	1354	1362	_	_	_	_	_	_	in_GNon_incertDNon_incertRNon	1350-1362	_	_	_	_	_	_
14	.	.	PUNCT	PUNCT	_	punct	8	1362	1363	_	_	_	_	_	_	_	_	_	_	_	_	_	_
1	Il	il	PRON	PRON	Gender=Masc|Number=Sing|Person=3|PronType=Prs	nsubj	3	1364	1366	consigne	_	_	_	_	_	_	_	is_GNon_incertDNon_incertRNon	1364-1366	_	_	_	_
2	se	se	PRON	PRON	Person=3|PronType=Prs	dep:comp	3	1367	1369	consigne	_	_	_	_	_	_	_	_	_	_	_	_	_
3	retourna	retourner	VERB	VERB	Mood=Ind|Number=Sing|Person=3|Tense=Past|VerbForm=Fin	root	0	1370	1378	consigne	_	_	_	_	_	_	_	_	_	_	_	_	_
4	en	en	ADP	ADP	_	mark	5	1379	1381	consigne	_	_	_	_	_	_	_	_	_	_	_	_	_
5	entendant	entendre	VERB	VERB	Tense=Pres|VerbForm=Part	advcl	3	1382	1391	consigne	_	_	_	_	_	_	_	_	_	_	_	_	_
6	ce	ce	DET	DET	Gender=Masc|Number=Sing|PronType=Dem	det	8	1392	1394	consigne	_	_	_	_	_	_	_	_	_	_	_	_	_
7	grand	grand	ADJ	ADJ	Gender=Masc|Number=Sing	amod	8	1395	1400	consigne	_	_	_	_	_	_	_	_	_	_	_	_	_
8	bruit	bruit	NOUN	NOUN	Gender=Masc|Number=Sing	obj	5	1401	1406	consigne	_	_	_	_	_	_	_	_	_	_	_	_	_
9	.	.	PUNCT	PUNCT	_	punct	3	1406	1407	consigne	_	_	_	_	_	_	_	_	_	_	_	_	_
1	Didier	Didier	PROPN	PROPN	_	nsubj:pass	4	1408	1414	_	_	_	_	_	_	_	_	_	_	_	_	is_GNon_incertDNon_incertRNon	1408-1414
2	est	être	AUX	AUX	Mood=Ind|Number=Sing|Person=3|Tense=Pres|VerbForm=Fin	aux:pass	4	1415	1418	_	subst	1415-1416	Err	ai	1415-1418	_	_	_	_	_	_	_	_
3	encore	encore	ADV	ADV	_	advmod	4	1419	1425	_	_	_	_	_	_	_	_	_	_	_	_	_	_
4	endormi	endormi	VERB	VERB	Gender=Masc|Number=Sing|Tense=Past|VerbForm=Part	root	0	1426	1433	_	_	_	Err	endormie	1426-1433	_	_	_	_	_	_	_	_
5	,	,	PUNCT	PUNCT	_	punct	8	1433	1434	_	_	_	_	_	_	_	_	_	_	_	_	_	_
6	Celestin	Celestin	PROPN	PROPN	_	nsubj	8	1435	1443	_	_	_	_	_	_	_	_	_	_	_	_	is_GNon_incertDNon_incertRNon	1435-1443
7	se	se	PRON	PRON	Person=3|PronType=Prs	obj	8	1444	1446	_	_	_	_	_	_	_	_	_	_	_	_	_	_
8	lève	lever	VERB	VERB	Mood=Ind|Number=Sing|Person=3|Tense=Pres|VerbForm=Fin	conj	4	1447	1451	_	_	_	Err	leve	1447-1451	_	_	_	_	_	_	_	_
9	tout	tout	ADV	ADV	_	advmod	8	1452	1456	_	_	_	_	_	_	_	_	_	_	_	_	_	_
10	de	de	ADP	ADP	_	fixed	9	1457	1459	_	_	_	_	_	_	_	_	_	_	_	_	_	_
11	suite	suite	NOUN	NOUN	Gender=Fem|Number=Sing	fixed	9	1460	1465	_	_	_	_	_	_	_	_	_	_	_	_	_	_
12	et	et	CCONJ	CCONJ	_	cc	13	1466	1468	_	_	_	_	_	_	_	_	_	_	_	_	_	_
13	descend	descendre	VERB	VERB	Mood=Ind|Number=Sing|Person=3|Tense=Pres|VerbForm=Fin	conj	8	1469	1476	_	_	_	Err	dessand	1469-1476	_	_	_	_	_	_	_	_
14	à	à	ADP	ADP	_	case	16	1477	1478	_	_	_	Err	a	1477-1478	_	_	_	_	_	_	_	_
15	l'	le	DET	DET	Definite=Def|Number=Sing|PronType=Art	det	16	1479	1481	_	_	_	_	_	_	_	_	_	_	_	_	_	_
16	entrée	entrée	NOUN	NOUN	Gender=Fem|Number=Sing	obl:arg	13	1481	1487	_	_	_	Err	entrer	1481-1487	_	_	_	_	_	_	_	_
17	de	de	ADP	ADP	_	case	19	1488	1490	_	_	_	_	_	_	_	_	_	_	_	_	_	_
18	sa	son	DET	DET	Gender=Fem|Number=Sing|Number[psor]=Sing|Person[psor]=3|PronType=Prs	det	19	1491	1493	_	_	_	_	_	_	_	_	_	_	_	_	is_GNon_incertDNon_incertRNon	1491-1493
19	maison	maison	NOUN	NOUN	Gender=Fem|Number=Sing	nmod	16	1494	1500	_	_	_	_	_	_	_	_	_	_	_	_	_	_
20	,	,	PUNCT	PUNCT	_	punct	22	1500	1501	_	_	_	_	_	_	_	_	_	_	_	_	_	_
21	il	il	PRON	PRON	Gender=Masc|Number=Sing|Person=3|PronType=Prs	nsubj	22	1502	1504	_	_	_	_	_	_	_	_	_	_	_	_	is_GNon_incertDNon_incertRNon	1502-1504
22	voit	voir	VERB	VERB	Mood=Ind|Number=Sing|Person=3|Tense=Pres|VerbForm=Fin	conj	4	1505	1509	_	_	_	_	_	_	_	_	_	_	_	_	_	_
23	plein	plein	ADJ	ADJ	Gender=Masc|Number=Sing	xcomp	22	1510	1515	_	_	_	_	_	_	_	_	_	_	_	_	_	_
24	de	de	ADP	ADP	_	case	25	1516	1518	_	_	_	_	_	_	_	_	_	_	_	_	_	_
25	tartes	tarte	NOUN	NOUN	Gender=Fem|Number=Plur	obl:arg	23	1519	1525	_	_	_	_	_	_	_	_	_	_	_	_	_	_
26	à	à	ADP	ADP	_	case	28	1527	1527	_	_	_	Err	au	1526-1529	_	_	_	_	_	_	_	_
27	les	le	DET	DET	Definite=Def|Number=Plur|PronType=Art	det	28	1528	1528	_	_	_	Err	au	1526-1529	_	_	_	_	_	_	_	_
28	pommes	pomme	NOUN	NOUN	Gender=Fem|Number=Plur	obl:mod	22	1530	1536	_	_	_	_	_	_	_	_	_	_	_	_	_	_
29	de	de	ADP	ADP	_	case	30	1537	1539	_	_	_	_	_	_	_	_	_	_	_	_	_	_
30	Mme	madame	NOUN	NOUN	Gender=Fem|Number=Sing	nmod	28	1540	1543	_	_	_	_	_	_	in_GNon_incertDNon_incertRNon	1540-1552	_	_	_	_	_	_
31	Popkhins	Popkhins	PROPN	PROPN	_	flat:name	30	1544	1552	_	_	_	_	_	_	in_GNon_incertDNon_incertRNon	1540-1552	_	_	_	_	_	_
32	.	.	PUNCT	PUNCT	_	punct	4	1552	1553	_	_	_	_	_	_	_	_	_	_	_	_	_	_
1	Mais	mais	CCONJ	CCONJ	_	cc	5	1554	1558	_	_	_	_	_	_	_	_	_	_	_	_	_	_
2	tout	tout	DET	DET	Gender=Masc|Number=Sing|PronType=Ind	det	3	1559	1563	_	_	_	_	_	_	_	_	_	_	_	_	_	_
3	ça	ça	PRON	PRON	Gender=Masc|Number=Sing|Person=3|PronType=Dem	nsubj	5	1564	1566	_	_	_	Err	sa	1564-1566	_	_	_	_	_	_	_	_
4	se	se	PRON	PRON	Person=3|PronType=Prs	dep:comp	5	1567	1569	_	_	_	_	_	_	_	_	_	_	_	_	_	_
5	passait	passer	VERB	VERB	Mood=Ind|Number=Sing|Person=3|Tense=Imp|VerbForm=Fin	root	0	1570	1577	_	_	_	Err	passé	1570-1577	_	_	_	_	_	_	_	_
6	que	que	SCONJ	SCONJ	_	case	8	1578	1581	_	_	_	_	_	_	_	_	_	_	_	_	_	_
7	la	le	DET	DET	Definite=Def|Gender=Fem|Number=Sing|PronType=Art	det	8	1582	1584	_	_	_	_	_	_	_	_	_	_	_	_	_	_
8	nuit	nuit	NOUN	NOUN	Gender=Fem|Number=Sing	obj	5	1585	1589	_	_	_	_	_	_	_	_	_	_	_	_	_	_
9	.	.	PUNCT	PUNCT	_	punct	5	1589	1590	_	_	_	_	_	_	_	_	_	_	_	_	_	_
1	Les	le	DET	DET	Definite=Def|Number=Plur|PronType=Art	det	3	1591	1594	_	_	_	_	_	_	_	_	_	_	in_GNon_incertDNon_incertRNon	1591-1604	_	_
2	2	2	NUM	NUM	Number=Plur	nummod	3	1595	1596	_	_	_	_	_	_	_	_	_	_	in_GNon_incertDNon_incertRNon	1591-1604	_	_
3	garçons	garçon	NOUN	NOUN	Gender=Masc|Number=Plur	nsubj	5	1597	1604	_	_	_	_	_	_	_	_	_	_	in_GNon_incertDNon_incertRNon	1591-1604	_	_
4	ont	avoir	AUX	AUX	Mood=Ind|Number=Plur|Person=3|Tense=Pres|VerbForm=Fin	aux:tense	5	1605	1608	_	_	_	_	_	_	_	_	_	_	_	_	_	_
5	fait	faire	VERB	VERB	Gender=Masc|Number=Sing|Tense=Past|VerbForm=Part	root	0	1609	1613	_	_	_	_	_	_	_	_	_	_	_	_	_	_
6	leurs	son	DET	DET	Number=Plur|Number[psor]=Plur|Person[psor]=3|PronType=Prs	det	7	1614	1619	_	_	_	Err	leur	1614-1619	_	_	_	_	is_GNon_incertDNon_incertRNon	1614-1619	_	_
7	affaires	affaire	NOUN	NOUN	Gender=Fem|Number=Plur	obj	5	1620	1628	_	_	_	_	_	_	_	_	_	_	_	_	_	_
8	et	et	CCONJ	CCONJ	_	cc	10	1629	1631	_	_	_	_	_	_	_	_	_	_	_	_	_	_
9	sont	être	AUX	AUX	Mood=Ind|Number=Plur|Person=3|Tense=Pres|VerbForm=Fin	aux:tense	10	1632	1636	_	_	_	_	_	_	_	_	_	_	in_GNon_incertDNon_incertRNon	1632-1643	_	_
10	partis	partir	VERB	VERB	Gender=Masc|Number=Plur|Tense=Past|VerbForm=Part	conj	5	1637	1643	_	_	_	Err	partie	1637-1643	_	_	_	_	in_GNon_incertDNon_incertRNon	1632-1643	_	_
11	à	à	ADP	ADP	_	case	13	1644	1645	_	_	_	Err	a	1644-1645	_	_	_	_	_	_	_	_
12	tout	tout	ADV	ADV	_	advmod	13	1646	1650	_	_	_	_	_	_	_	_	_	_	_	_	_	_
13	jamais	jamais	ADV	ADV	Polarity=Neg	advmod	10	1651	1657	_	_	_	_	_	_	_	_	_	_	_	_	_	_
14	de	de	ADP	ADP	_	case	16	1658	1660	_	_	_	_	_	_	_	_	_	_	_	_	_	_
15	cet	ce	DET	DET	Gender=Masc|Number=Sing|PronType=Dem	det	16	1661	1664	_	_	_	_	_	_	_	_	_	_	_	_	_	_
16	endroit	endroit	NOUN	NOUN	Gender=Masc|Number=Sing	obl:arg	10	1665	1672	_	_	_	Err	endroie	1665-1672	_	_	_	_	_	_	_	_
17	.	.	PUNCT	PUNCT	_	punct	5	1672	1673	_	_	_	_	_	_	_	_	_	_	_	_	_	_
1	Depuis	depuis	ADP	ADP	_	case	3	1674	1680	consigne	_	_	_	_	_	_	_	_	_	_	_	_	_
2	cette	ce	DET	DET	Gender=Fem|Number=Sing|PronType=Dem	det	3	1681	1686	consigne	_	_	_	_	_	_	_	_	_	_	_	_	_
3	aventure	aventure	NOUN	NOUN	Gender=Fem|Number=Sing	obl:mod	8	1687	1695	consigne	_	_	_	_	_	_	_	_	_	_	_	_	_
4	,	,	PUNCT	PUNCT	_	punct	3	1695	1696	consigne	_	_	_	_	_	_	_	_	_	_	_	_	_
5	les	le	DET	DET	Definite=Def|Number=Plur|PronType=Art	det	6	1697	1700	consigne	_	_	_	_	_	_	_	_	_	in_GNon_incertDNon_incertRNon	1697-1708	_	_
6	enfants	enfant	NOUN	NOUN	Number=Plur	nsubj	8	1701	1708	consigne	_	_	_	_	_	_	_	_	_	in_GNon_incertDNon_incertRNon	1697-1708	_	_
7	ne	ne	ADV	ADV	Polarity=Neg	advmod	8	1709	1711	consigne	_	_	_	_	_	_	_	_	_	_	_	_	_
8	sortent	sortir	VERB	VERB	Mood=Ind|Number=Plur|Person=3|Tense=Pres|VerbForm=Fin	root	0	1712	1719	consigne	_	_	_	_	_	_	_	_	_	_	_	_	_
9	plus	plus	ADV	ADV	Polarity=Neg	advmod	8	1720	1724	consigne	_	_	_	_	_	_	_	_	_	_	_	_	_
10	la	le	DET	DET	Definite=Def|Gender=Fem|Number=Sing|PronType=Art	det	11	1725	1727	consigne	_	_	_	_	_	_	_	_	_	_	_	_	_
11	nuit	nuit	NOUN	NOUN	Gender=Fem|Number=Sing	obj	8	1728	1732	consigne	_	_	_	_	_	_	_	_	_	_	_	_	_
12	.	.	PUNCT	PUNCT	_	punct	8	1732	1733	consigne	_	_	_	_	_	_	_	_	_	_	_	_	_
1	Didier	Didier	PROPN	PROPN	_	nsubj	5	1734	1740	_	in_add	1734-1752	_	_	_	_	_	_	_	in_GNon_incertDNon_incertRNon	1734-1752	_	_
2	et	et	CCONJ	CCONJ	_	cc	3	1741	1743	_	in_add	1734-1752	_	_	_	_	_	_	_	in_GNon_incertDNon_incertRNon	1734-1752	_	_
3	Celestin	Celestin	PROPN	PROPN	_	conj	1	1744	1752	_	in_add	1734-1752	Err	celestin	1744-1752	_	_	_	_	in_GNon_incertDNon_incertRNon	1734-1752	_	_
4	ont	avoir	AUX	AUX	Mood=Ind|Number=Plur|Person=3|Tense=Pres|VerbForm=Fin	aux:tense	5	1753	1756	_	_	_	_	_	_	_	_	_	_	_	_	_	_
5	trouvé	trouver	VERB	VERB	Gender=Masc|Number=Sing|Tense=Past|VerbForm=Part	root	0	1757	1763	_	_	_	Err	trouvaient	1757-1763	_	_	_	_	_	_	_	_
6	un	un	DET	DET	Definite=Ind|Gender=Masc|Number=Sing|PronType=Art	det	7	1764	1766	_	_	_	_	_	_	_	_	_	_	_	_	_	_
7	hôtel	hôtel	NOUN	NOUN	Gender=Masc|Number=Sing	obj	5	1767	1772	_	_	_	Err	hotel	1767-1772	_	_	_	_	_	_	_	_
8	pas	pas	ADV	ADV	Polarity=Neg	advmod	9	1773	1776	_	_	_	_	_	_	_	_	_	_	_	_	_	_
9	super	super	ADJ	ADJ	_	amod	7	1777	1782	_	_	_	Err	supère	1777-1782	_	_	_	_	_	_	_	_
10	mais	mais	CCONJ	CCONJ	_	cc	13	1783	1787	_	_	_	_	_	_	_	_	_	_	_	_	_	_
11	où	où	ADV	ADV	PronType=Rel	advmod	13	1788	1790	_	_	_	Err	ou	1788-1790	_	_	_	_	_	_	_	_
12	ils	il	PRON	PRON	Gender=Masc|Number=Plur|Person=3|PronType=Prs	nsubj	13	1791	1794	_	_	_	_	_	_	_	_	_	_	is_GNon_incertDNon_incertRNon	1791-1794	_	_
13	peuvent	pouvoir	VERB	VERB	Mood=Ind|Number=Plur|Person=3|Tense=Pres|VerbForm=Fin	conj	5	1795	1802	_	_	_	_	_	_	_	_	_	_	_	_	_	_
14	bien	bien	ADV	ADV	_	advmod	13	1803	1807	_	_	_	_	_	_	_	_	_	_	_	_	_	_
15	dormir	dormir	VERB	VERB	VerbForm=Inf	xcomp	13	1808	1814	_	_	_	_	_	_	_	_	_	_	_	_	_	_
16	.	.	PUNCT	PUNCT	_	punct	5	1814	1815	_	_	_	_	_	_	_	_	_	_	_	_	_	_
1	Depuis	depuis	ADV	ADV	_	advmod	3	1816	1822	_	_	_	_	_	_	_	_	_	_	_	_	_	_
2	ils	il	PRON	PRON	Gender=Masc|Number=Plur|Person=3|PronType=Prs	nsubj	3	1823	1826	_	_	_	_	_	_	_	_	_	_	is_GNon_incertDNon_incertRNon	1823-1826	_	_
3	vivent	vivre	VERB	VERB	Mood=Ind|Number=Plur|Person=3|Tense=Pres|VerbForm=Fin	root	0	1827	1833	_	_	_	_	_	_	_	_	_	_	_	_	_	_
4	un	un	DET	DET	Definite=Ind|Gender=Masc|Number=Sing|PronType=Art	det	5	1834	1836	_	_	_	_	_	_	_	_	_	_	_	_	_	_
5	vie	vie	NOUN	NOUN	Gender=Fem|Number=Sing	obj	3	1837	1840	_	_	_	Err	vis	1837-1840	_	_	_	_	_	_	_	_
6	normale	normal	ADJ	ADJ	Gender=Fem|Number=Sing	amod	5	1841	1848	_	_	_	Err	normal	1841-1848	_	_	_	_	_	_	_	_
7	.	.	PUNCT	PUNCT	_	punct	3	1848	1849	_	_	_	_	_	_	_	_	_	_	_	_	_	_
