1	Elle	il	PRON	Gender=Fem|Number=Sing|Person=3|PronType=Prs	2	habitait	nsubj	O	1	5	consigne	_	_	_	_	_	is_GNon_incertDNon_incertRNon	1-5	_	_	_	_	_	_
2	habitait	habiter	VERB	Mood=Ind|Number=Sing|Person=3|Tense=Imp|VerbForm=Fin	0	root	root	O	6	14	consigne	_	_	_	_	_	_	_	_	_	_	_	_	_
3	dans	dans	ADP	_	5	maison	case	O	15	19	consigne	_	_	_	_	_	_	_	_	_	_	_	_	_
4	cette	ce	DET	Gender=Fem|Number=Sing|PronType=Dem	5	maison	det	O	20	25	consigne	_	_	_	_	_	_	_	_	_	_	_	_	_
5	maison	maison	NOUN	Gender=Fem|Number=Sing	2	habitait	obl:arg	O	26	32	consigne	_	_	_	_	_	_	_	_	_	_	_	_	_
6	depuis	depuis	ADP	_	7	longtemps	case	O	33	39	consigne	_	_	_	_	_	_	_	_	_	_	_	_	_
7	longtemps	longtemps	ADV	_	2	habitait	obl:mod	O	40	49	consigne	_	_	_	_	_	_	_	_	_	_	_	_	_
8	.	.	PUNCT	_	2	habitait	punct	O	49	50	_	_	_	_	_	_	_	_	_	_	_	_	_	_
1	Voilà	voilà	VERB	_	0	root	root	O	51	56	_	_	_	_	_	_	_	_	_	_	_	_	_	_
2	à	à	ADP	_	1	Voilà	advmod	O	57	58	_	_	_	_	_	_	_	_	_	_	_	_	_	_
3	peu	peu	ADV	_	2	à	fixed	O	59	62	_	_	_	_	_	_	_	_	_	_	_	_	_	_
4	près	près	ADV	_	1	Voilà	obl:mod	O	63	67	_	_	_	_	_	_	_	_	_	_	_	_	_	_
5	le	le	DET	Definite=Def|Gender=Masc|Number=Sing|PronType=Art	7	élément	det	O	68	70	_	_	_	_	_	_	_	_	_	_	_	_	_	_
6	seul	seul	ADJ	Gender=Masc|Number=Sing	7	élément	amod	O	71	75	_	_	_	_	_	_	_	_	_	_	_	_	_	_
7	élément	élément	NOUN	Gender=Masc|Number=Sing	1	Voilà	obj	O	76	83	_	_	_	_	_	_	_	_	_	_	_	_	_	_
8	de	de	ADP	_	9	réponse	case	O	84	86	_	_	_	_	_	_	_	_	_	_	_	_	_	_
9	réponse	réponse	NOUN	Gender=Fem|Number=Sing	7	élément	nmod	O	87	94	_	_	_	_	_	_	_	_	_	_	_	_	_	_
10	qu'	que	PRON	PronType=Rel	11	obtenait	obj	O	95	98	_	_	_	_	_	_	_	_	_	_	_	_	_	_
11	obtenait	obtenir	VERB	Mood=Ind|Number=Sing|Person=3|Tense=Imp|VerbForm=Fin	7	élément	acl:relcl	O	98	106	_	_	_	_	_	_	_	_	_	_	_	_	_	_
12	Marius	Marius	PROPN	_	11	obtenait	nsubj	S-PER	107	113	_	_	_	_	_	_	_	_	is_GNon_incertDNon_incertRNon	107-113	_	_	_	_
13	lorsqu'	lorsque	SCONJ	_	15	interrogeait	mark	O	114	121	_	_	_	_	_	_	_	_	_	_	_	_	_	_
14	il	il	PRON	Gender=Masc|Number=Sing|Person=3|PronType=Prs	15	interrogeait	nsubj	O	121	123	_	_	_	_	_	_	_	_	is_GNon_incertDNon_incertRNon	121-123	_	_	_	_
15	interrogeait	interroger	VERB	Mood=Ind|Number=Sing|Person=3|Tense=Imp|VerbForm=Fin	11	obtenait	advcl	O	124	136	_	_	_	_	_	_	_	_	_	_	_	_	_	_
16	ses	son	DET	Number=Plur|Number[psor]=Sing|Person[psor]=3|PronType=Prs	17	parents	det	O	137	140	_	_	_	_	_	_	_	_	is_GNon_incertDNon_incertRNon	137-140	_	_	_	_
17	parents	parent	NOUN	Gender=Masc|Number=Plur	15	interrogeait	obj	O	141	148	_	_	_	_	_	_	_	_	_	_	_	_	_	_
18	à	à	ADP	_	19	propos	case	O	149	150	_	_	_	_	_	_	_	_	_	_	_	_	_	_
19	propos	propos	NOUN	Gender=Masc	15	interrogeait	obl:mod	O	151	157	_	_	_	_	_	_	_	_	_	_	_	_	_	_
20	de	de	ADP	_	22	femme	case	O	158	160	_	_	_	_	_	_	_	_	_	_	_	_	_	_
21	cette	ce	DET	Gender=Fem|Number=Sing|PronType=Dem	22	femme	det	O	161	166	_	_	_	_	_	_	in_GNon_incertDNon_incertRNon	161-172	_	_	_	_	_	_
22	femme	femme	NOUN	Gender=Fem|Number=Sing	19	propos	nmod	O	167	172	_	_	_	_	_	_	in_GNon_incertDNon_incertRNon	161-172	_	_	_	_	_	_
23	.	.	PUNCT	_	1	Voilà	punct	O	172	173	_	_	_	_	_	_	_	_	_	_	_	_	_	_
1	Qui	qui	PRON	Person=3|PronType=Int	2	est	nsubj	O	174	177	_	_	_	_	_	_	_	_	_	_	_	_	_	_
2	est	être	AUX	Mood=Ind|Number=Sing|Person=3|Tense=Pres|VerbForm=Fin	0	root	root	O	178	181	_	_	_	_	_	_	_	_	_	_	_	_	_	_
3	-elle	il	PRON	Gender=Fem|Number=Sing|Person=3|PronType=Prs	2	est	nsubj	O	181	186	_	_	_	_	_	_	GNon_incertDNon_incertRNon	182-186	_	_	_	_	_	_
4	?	?	PUNCT	_	2	est	punct	O	187	188	_	_	_	_	_	_	_	_	_	_	_	_	_	_
1	Personne	personne	PRON	Gender=Masc|Number=Sing|Person=3|PronType=Neg	3	semble	nsubj	O	189	197	_	_	_	_	_	_	_	_	_	_	_	_	_	_
2	ne	ne	ADV	Polarity=Neg	3	semble	advmod	O	198	200	_	_	_	_	_	_	_	_	_	_	_	_	_	_
3	semble	sembler	VERB	Mood=Ind|Number=Sing|Person=3|Tense=Pres|VerbForm=Fin	0	root	root	O	201	207	_	_	_	_	_	_	_	_	_	_	_	_	_	_
4	le	le	PRON	Gender=Masc|Number=Sing|Person=3|PronType=Prs	5	savoir	obj	O	208	210	_	_	_	_	_	_	_	_	_	_	_	_	_	_
5	savoir	savoir	VERB	VerbForm=Inf	3	semble	xcomp	O	211	217	_	_	_	_	_	_	_	_	_	_	_	_	_	_
6	ni	ni	CCONJ	_	9	soucier	cc	O	218	220	_	_	_	_	_	_	_	_	_	_	_	_	_	_
7	même	même	ADV	_	9	soucier	advmod	O	221	225	_	_	_	_	_	_	_	_	_	_	_	_	_	_
8	sans	sans	ADP	_	9	soucier	mark	O	226	230	_	_	_	_	_	_	_	_	_	_	_	_	_	_
9	soucier	soucier	VERB	VerbForm=Inf	5	savoir	conj	O	231	238	_	_	_	_	_	_	_	_	_	_	_	_	_	_
10	.	.	PUNCT	_	3	semble	punct	O	238	239	_	_	_	_	_	_	_	_	_	_	_	_	_	_
1	L'	le	DET	Definite=Def|Number=Sing|PronType=Art	2	imagination	det	O	240	242	_	_	_	_	_	_	_	_	_	_	_	_	_	_
2	imagination	imagination	NOUN	Gender=Fem|Number=Sing	9	cessait	nsubj	O	242	253	_	_	_	_	_	_	_	_	_	_	_	_	_	_
3	de	de	ADP	_	5	jeune	case	O	254	256	_	_	_	_	_	_	_	_	in_GNon_incertDNon_incertRNon	254-269	_	_	_	_
4	le	le	DET	Definite=Def|Gender=Masc|Number=Sing|PronType=Art	5	jeune	det	O	254	256	_	_	_	_	_	_	_	_	in_GNon_incertDNon_incertRNon	254-269	_	_	_	_
5	jeune	jeune	NOUN	Gender=Masc|Number=Sing	2	imagination	nmod	O	257	262	_	_	_	_	_	_	_	_	in_GNon_incertDNon_incertRNon	254-269	_	_	_	_
6	Marius	Marius	PROPN	Gender=Masc|Number=Sing	5	jeune	appos	S-PER	263	269	_	_	_	_	_	_	_	_	in_GNon_incertDNon_incertRNon	254-269	_	_	_	_
7	pourtant	pourtant	ADV	_	6	Marius	advmod	O	270	278	_	_	_	_	_	_	_	_	_	_	_	_	_	_
8	ne	ne	ADV	Polarity=Neg	9	cessait	advmod	O	279	281	_	_	_	_	_	_	_	_	_	_	_	_	_	_
9	cessait	cesser	VERB	Mood=Ind|Number=Sing|Person=3|Tense=Imp|VerbForm=Fin	0	root	root	O	282	289	_	_	_	_	_	_	_	_	_	_	_	_	_	_
10	d'	de	ADP	_	11	élaborer	mark	O	290	292	_	_	_	_	_	_	_	_	_	_	_	_	_	_
11	élaborer	élaborer	VERB	VerbForm=Inf	9	cessait	xcomp	O	292	300	_	_	_	_	_	_	_	_	_	_	_	_	_	_
12	de	un	DET	Definite=Ind|Number=Plur|PronType=Art	14	théories	det	O	301	303	_	_	_	_	_	_	_	_	_	_	_	_	_	_
13	nouvelles	nouveau	ADJ	Gender=Fem|Number=Plur	14	théories	amod	O	304	313	_	_	_	_	_	_	_	_	_	_	_	_	_	_
14	théories	théorie	NOUN	Gender=Fem|Number=Plur	11	élaborer	obj	O	314	322	_	_	_	_	_	_	_	_	_	_	_	_	_	_
15	lorsqu'	lorsque	SCONJ	_	17	passait	mark	O	323	330	_	_	_	_	_	_	_	_	_	_	_	_	_	_
16	il	il	PRON	Gender=Masc|Number=Sing|Person=3|PronType=Prs	17	passait	nsubj	O	330	332	_	_	_	_	_	_	_	_	is_GNon_incertDNon_incertRNon	330-332	_	_	_	_
17	passait	passer	VERB	Mood=Ind|Number=Sing|Person=3|Tense=Imp|VerbForm=Fin	11	élaborer	advcl	O	333	340	_	_	_	_	_	_	_	_	_	_	_	_	_	_
18	devant	devant	ADP	_	21	maison	case	O	341	347	_	_	_	_	_	_	_	_	_	_	_	_	_	_
19	la	le	DET	Definite=Def|Gender=Fem|Number=Sing|PronType=Art	21	maison	det	O	348	350	_	_	_	_	_	_	_	_	_	_	_	_	_	_
20	belle	beau	ADJ	Gender=Fem|Number=Sing	21	maison	amod	O	351	356	_	_	_	_	_	_	_	_	_	_	_	_	_	_
21	maison	maison	NOUN	Gender=Fem|Number=Sing	17	passait	obl:mod	O	357	363	_	_	_	_	_	_	_	_	_	_	_	_	_	_
22	rouge	rouge	ADJ	Gender=Fem|Number=Sing	21	maison	amod	O	364	369	_	_	_	_	_	_	_	_	_	_	_	_	_	_
23	.	.	PUNCT	_	9	cessait	punct	O	369	370	_	_	_	_	_	_	_	_	_	_	_	_	_	_
1	Pourquoi	pourquoi	ADV	_	4	voyait	advmod	O	371	379	_	_	_	_	_	_	_	_	_	_	_	_	_	_
2	ne	ne	ADV	Polarity=Neg	4	voyait	advmod	O	380	382	_	_	_	_	_	_	_	_	_	_	_	_	_	_
3	la	le	PRON	Gender=Fem|Number=Sing|Person=3|PronType=Prs	4	voyait	obj	O	383	385	_	_	_	_	_	_	is_GNon_incertDNon_incertRNon	383-385	_	_	_	_	_	_
4	voyait	voir	VERB	Mood=Ind|Number=Sing|Person=3|Tense=Imp|VerbForm=Fin	0	root	root	O	386	392	_	_	_	_	_	_	_	_	_	_	_	_	_	_
5	-on	on	PRON	Gender=Masc|Number=Sing|Person=3|PronType=Ind	4	voyait	nsubj	O	392	395	_	_	_	_	_	_	_	_	_	_	_	_	_	_
6	jamais	jamais	ADV	Polarity=Neg	4	voyait	advmod	O	396	402	_	_	_	_	_	_	_	_	_	_	_	_	_	_
7	dans	dans	ADP	_	9	village	case	O	403	407	_	_	_	_	_	_	_	_	_	_	_	_	_	_
8	le	le	DET	Definite=Def|Gender=Masc|Number=Sing|PronType=Art	9	village	det	O	408	410	_	_	_	_	_	_	_	_	_	_	_	_	_	_
9	village	village	NOUN	Gender=Masc|Number=Sing	4	voyait	obl:arg	O	411	418	_	_	_	_	_	_	_	_	_	_	_	_	_	_
10	?	?	PUNCT	_	4	voyait	punct	O	419	420	_	_	_	_	_	_	_	_	_	_	_	_	_	_
1	Pourquoi	pourquoi	ADV	_	3	recevait	advmod	O	421	429	_	_	_	_	_	_	_	_	_	_	_	_	_	_
2	ne	ne	ADV	Polarity=Neg	3	recevait	advmod	O	430	432	_	_	_	_	_	_	_	_	_	_	_	_	_	_
3	recevait	recevoir	VERB	Mood=Ind|Number=Sing|Person=3|Tense=Imp|VerbForm=Fin	0	root	root	O	433	441	_	_	_	_	_	_	_	_	_	_	_	_	_	_
4	-elle	il	PRON	Gender=Fem|Number=Sing|Person=3|PronType=Prs	3	recevait	nsubj	O	441	446	_	_	_	_	_	_	GNon_incertDNon_incertRNon	442-446	_	_	_	_	_	_
5	jamais	jamais	ADV	Polarity=Neg	3	recevait	advmod	O	447	453	_	_	_	_	_	_	_	_	_	_	_	_	_	_
6	de	un	DET	Definite=Ind|Number=Sing|PronType=Art	7	visite	det	O	454	456	_	_	_	_	_	_	_	_	_	_	_	_	_	_
7	visite	visite	NOUN	Gender=Fem|Number=Sing	3	recevait	obj	O	457	463	_	_	_	_	_	_	_	_	_	_	_	_	_	_
8	?	?	PUNCT	_	3	recevait	punct	O	464	465	_	_	_	_	_	_	_	_	_	_	_	_	_	_
1	Que	que	PRON	Person=3|PronType=Int	2	faisait	obj	O	466	469	_	_	_	_	_	_	_	_	_	_	_	_	_	_
2	faisait	faire	VERB	Mood=Ind|Number=Sing|Person=3|Tense=Imp|VerbForm=Fin	0	root	root	O	470	477	_	_	_	_	_	_	_	_	_	_	_	_	_	_
3	-elle	il	PRON	Gender=Fem|Number=Sing|Person=3|PronType=Prs	2	faisait	nsubj	O	477	482	_	_	_	_	_	_	GNon_incertDNon_incertRNon	478-482	_	_	_	_	_	_
4	toute	tout	ADJ	Gender=Fem|Number=Sing	6	journée	amod	O	483	488	_	_	_	_	_	_	_	_	_	_	_	_	_	_
5	la	le	DET	Definite=Def|Gender=Fem|Number=Sing|PronType=Art	6	journée	det	O	489	491	_	_	_	_	_	_	_	_	_	_	_	_	_	_
6	journée	journée	NOUN	Gender=Fem|Number=Sing	2	faisait	nsubj	O	492	499	_	_	_	_	_	_	_	_	_	_	_	_	_	_
7	?	?	PUNCT	_	2	faisait	punct	O	500	501	_	_	_	_	_	_	_	_	_	_	_	_	_	_
1	Peut	pouvoir	VERB	Mood=Ind|Number=Sing|Person=3|Tense=Pres|VerbForm=Fin	0	root	root	O	502	506	_	_	_	_	_	_	_	_	_	_	_	_	_	_
2	-être	être	VERB	VerbForm=Inf	7	espionne	cop	O	506	511	_	_	_	_	_	_	_	_	_	_	_	_	_	_
3	était	être	AUX	Mood=Ind|Number=Sing|Person=3|Tense=Imp|VerbForm=Fin	7	espionne	cop	O	512	517	_	_	_	_	_	_	_	_	_	_	_	_	_	_
4	-elle	il	PRON	Gender=Fem|Number=Sing|Person=3|PronType=Prs	7	espionne	nsubj	O	517	522	_	_	_	_	_	_	GNon_incertDNon_incertRNon	518-522	_	_	_	_	_	_
5	une	un	DET	Definite=Ind|Gender=Fem|Number=Sing|PronType=Art	7	espionne	det	O	523	526	_	_	_	_	_	_	in_GNon_incertDNon_incertRNon	523-593	_	_	_	_	_	_
6	super	super	ADJ	_	7	espionne	amod	O	527	532	_	_	_	_	_	_	in_GNon_incertDNon_incertRNon	523-593	_	_	_	_	_	_
7	espionne	espionner	NOUN	Gender=Fem|Number=Sing	1	Peut	xcomp	O	533	541	_	_	_	_	_	_	in_GNon_incertDNon_incertRNon	523-593	_	_	_	_	_	_
8	infiltrée	infiltrer	VERB	Gender=Fem|Number=Sing|Tense=Past|VerbForm=Part	7	espionne	acl	O	542	551	_	_	_	_	_	_	in_GNon_incertDNon_incertRNon	523-593	_	_	_	_	_	_
9	dans	dans	ADP	_	11	village	case	O	552	556	_	_	_	_	_	_	in_GNon_incertDNon_incertRNon	523-593	_	_	_	_	_	_
10	son	son	DET	Number=Sing|Number[psor]=Sing|Person[psor]=3|PronType=Prs	11	village	det	O	557	560	_	_	_	_	_	_	in_GNon_incertDNon_incertRNon	523-593	_	_	_	_	_	_
11	village	village	NOUN	Gender=Masc|Number=Sing	8	infiltrée	obl:mod	O	561	568	_	_	_	_	_	_	in_GNon_incertDNon_incertRNon	523-593	_	_	_	_	_	_
12	pour	pour	ADP	_	14	mission	case	O	569	573	_	_	_	_	_	_	in_GNon_incertDNon_incertRNon	523-593	_	_	_	_	_	_
13	une	un	DET	Definite=Ind|Gender=Fem|Number=Sing|PronType=Art	14	mission	det	O	574	577	_	_	_	_	_	_	in_GNon_incertDNon_incertRNon	523-593	_	_	_	_	_	_
14	mission	mission	NOUN	Gender=Fem|Number=Sing	8	infiltrée	obl:mod	O	578	585	_	_	_	_	_	_	in_GNon_incertDNon_incertRNon	523-593	_	_	_	_	_	_
15	secrète	secret	ADJ	Gender=Fem|Number=Sing	14	mission	amod	O	586	593	_	_	_	_	_	_	in_GNon_incertDNon_incertRNon	523-593	_	_	_	_	_	_
16	,	,	PUNCT	_	20	recherchée	punct	O	593	594	_	_	_	_	_	_	_	_	_	_	_	_	_	_
17	peut-être	peut-être	ADV	_	20	recherchée	advmod	O	595	604	_	_	_	_	_	_	_	_	_	_	_	_	_	_
18	était	être	AUX	Mood=Ind|Number=Sing|Person=3|Tense=Imp|VerbForm=Fin	20	recherchée	aux:pass	O	605	610	_	_	_	_	_	_	_	_	_	_	_	_	_	_
19	-elle	il	PRON	Gender=Fem|Number=Sing|Person=3|PronType=Prs	20	recherchée	nsubj	O	610	615	_	_	_	_	_	_	_	_	_	_	_	_	_	_
20	recherchée	rechercher	VERB	Gender=Fem|Number=Sing|Tense=Past|VerbForm=Part	7	espionne	parataxis	O	616	626	_	_	_	_	_	_	_	_	_	_	_	_	_	_
21	et	et	CCONJ	_	22	obligée	cc	O	627	629	_	_	_	_	_	_	_	_	_	_	_	_	_	_
22	obligée	obliger	VERB	Gender=Fem|Number=Sing|Tense=Past|VerbForm=Part	20	recherchée	conj	O	630	637	_	_	_	_	_	_	_	_	_	_	_	_	_	_
23	de	de	ADP	_	25	cacher	mark	O	638	640	_	_	_	_	_	_	_	_	_	_	_	_	_	_
24	se	se	PRON	Person=3|PronType=Prs	25	cacher	obj	O	641	643	_	_	_	_	_	_	_	_	_	_	_	_	_	_
25	cacher	cacher	VERB	VerbForm=Inf	22	obligée	xcomp	O	644	650	_	_	_	_	_	_	_	_	_	_	_	_	_	_
26	,	,	PUNCT	_	31	personne	punct	O	650	651	_	_	_	_	_	_	_	_	_	_	_	_	_	_
27	peut-être	peut-être	ADV	_	31	personne	advmod	O	652	661	_	_	_	_	_	_	_	_	_	_	_	_	_	_
28	était	être	AUX	Mood=Ind|Number=Sing|Person=3|Tense=Imp|VerbForm=Fin	31	personne	cop	O	662	667	_	_	_	_	_	_	_	_	_	_	_	_	_	_
29	-elle	il	PRON	Gender=Fem|Number=Sing|Person=3|PronType=Prs	31	personne	expl:subj	O	667	672	_	_	_	_	_	_	_	_	_	_	_	_	_	_
30	une	un	DET	Definite=Ind|Gender=Fem|Number=Sing|PronType=Art	31	personne	det	O	673	676	_	_	_	_	_	_	in_GNon_incertDNon_incertRNon	673-757	_	_	_	_	_	_
31	personne	personne	NOUN	Gender=Fem|Number=Sing	7	espionne	conj	O	677	685	_	_	_	_	_	_	in_GNon_incertDNon_incertRNon	673-757	_	_	_	_	_	_
32	célèbre	célèbre	ADJ	Gender=Fem|Number=Sing	31	personne	amod	O	686	693	_	_	_	_	_	_	in_GNon_incertDNon_incertRNon	673-757	_	_	_	_	_	_
33	aspirant	aspirer	VERB	Tense=Pres|VerbForm=Part	31	personne	acl	O	694	702	_	_	_	_	_	_	in_GNon_incertDNon_incertRNon	673-757	_	_	_	_	_	_
34	simplement	simplement	ADV	_	33	aspirant	advmod	O	703	713	_	_	_	_	_	_	in_GNon_incertDNon_incertRNon	673-757	_	_	_	_	_	_
35	à	à	ADP	_	36	conserver	mark	O	714	715	_	_	_	_	_	_	in_GNon_incertDNon_incertRNon	673-757	_	_	_	_	_	_
36	conserver	conserver	VERB	VerbForm=Inf	33	aspirant	xcomp	O	716	725	_	_	_	_	_	_	in_GNon_incertDNon_incertRNon	673-757	_	_	_	_	_	_
37	l'	le	DET	Definite=Def|Number=Sing|PronType=Art	38	anonymat	det	O	726	728	_	_	_	_	_	_	in_GNon_incertDNon_incertRNon	673-757	_	_	_	_	_	_
38	anonymat	anonymat	NOUN	Gender=Masc|Number=Sing	36	conserver	obj	O	728	736	_	_	_	_	_	_	in_GNon_incertDNon_incertRNon	673-757	_	_	_	_	_	_
39	pour	pour	ADP	_	41	tranquillité	case	O	737	741	_	_	_	_	_	_	in_GNon_incertDNon_incertRNon	673-757	_	_	_	_	_	_
40	sa	son	DET	Gender=Fem|Number=Sing|Number[psor]=Sing|Person[psor]=3|PronType=Prs	41	tranquillité	det	O	742	744	_	_	_	_	_	_	in_GNon_incertDNon_incertRNon	673-757	_	_	_	_	_	_
41	tranquillité	tranquillité	NOUN	Gender=Fem|Number=Sing	36	conserver	obl:mod	O	745	757	_	_	_	_	_	_	in_GNon_incertDNon_incertRNon	673-757	_	_	_	_	_	_
42	,	,	PUNCT	_	50	femme	punct	O	757	758	_	_	_	_	_	_	_	_	_	_	_	_	_	_
43	ou	ou	CCONJ	_	50	femme	cc	O	759	761	_	_	_	_	_	_	_	_	_	_	_	_	_	_
44	peut-être	peut-être	ADV	_	50	femme	advmod	O	762	771	_	_	_	_	_	_	_	_	_	_	_	_	_	_
45	simplement	simplement	ADV	_	50	femme	advmod	O	772	782	_	_	_	_	_	_	_	_	_	_	_	_	_	_
46	était	être	AUX	Mood=Ind|Number=Sing|Person=3|Tense=Imp|VerbForm=Fin	50	femme	cop	O	783	788	_	_	_	_	_	_	_	_	_	_	_	_	_	_
47	-ce	ce	PRON	Gender=Masc|Number=Sing|Person=3|PronType=Dem	50	femme	expl:subj	O	788	791	_	_	_	_	_	_	_	_	_	_	_	_	_	_
48	une	un	DET	Definite=Ind|Gender=Fem|Number=Sing|PronType=Art	50	femme	det	O	792	795	_	_	_	_	_	_	in_GNon_incertDNon_incertRNon	792-808	_	_	_	_	_	_
49	vielle	vieu	ADJ	Gender=Fem|Number=Sing	50	femme	amod	O	796	802	_	_	_	_	_	_	in_GNon_incertDNon_incertRNon	792-808	_	_	_	_	_	_
50	femme	femme	NOUN	Gender=Fem|Number=Sing	31	personne	conj	O	803	808	_	_	_	_	_	_	in_GNon_incertDNon_incertRNon	792-808	_	_	_	_	_	_
51	qui	qui	PRON	PronType=Rel	53	aimait	nsubj	O	809	812	_	_	_	_	_	_	is_GNon_incertDNon_incertRNon	809-812	_	_	_	_	_	_
52	n'	ne	ADV	Polarity=Neg	53	aimait	advmod	O	813	815	_	_	_	_	_	_	_	_	_	_	_	_	_	_
53	aimait	aimer	VERB	Mood=Ind|Number=Sing|Person=3|Tense=Imp|VerbForm=Fin	50	femme	advcl:cleft	O	815	821	_	_	_	_	_	_	_	_	_	_	_	_	_	_
54	personne	personne	PRON	Gender=Masc|Number=Sing|Person=3|PronType=Neg	53	aimait	obj	O	822	830	_	_	_	_	_	_	_	_	_	_	_	_	_	_
1	Ce	ce	DET	Gender=Masc|Number=Sing|PronType=Dem	2	jour	det	O	831	833	_	_	_	_	_	_	_	_	_	_	_	_	_	_
2	jour	jour	NOUN	Gender=Masc|Number=Sing	12	aperçut	obl:mod	O	834	838	_	_	_	_	_	_	_	_	_	_	_	_	_	_
3	-là	là	ADV	_	2	jour	advmod	O	838	841	_	_	_	_	_	_	_	_	_	_	_	_	_	_
4	,	,	PUNCT	_	2	jour	punct	O	841	842	_	_	_	_	_	_	_	_	_	_	_	_	_	_
5	en	en	ADP	_	6	rentrant	mark	O	843	845	_	_	_	_	_	_	_	_	_	_	_	_	_	_
6	rentrant	rentrer	VERB	Tense=Pres|VerbForm=Part	12	aperçut	advcl	O	846	854	_	_	_	_	_	_	_	_	_	_	_	_	_	_
7	de	de	ADP	_	9	école	case	O	855	857	_	_	_	_	_	_	_	_	_	_	_	_	_	_
8	l'	le	DET	Definite=Def|Number=Sing|PronType=Art	9	école	det	O	858	860	_	_	_	_	_	_	_	_	_	_	_	_	_	_
9	école	école	NOUN	Gender=Fem|Number=Sing	6	rentrant	obl:arg	O	860	865	_	_	_	_	_	_	_	_	_	_	_	_	_	_
10	,	,	PUNCT	_	6	rentrant	punct	O	865	866	_	_	_	_	_	_	_	_	_	_	_	_	_	_
11	il	il	PRON	Gender=Masc|Number=Sing|Person=3|PronType=Prs	12	aperçut	nsubj	O	867	869	_	_	_	_	_	_	_	_	is_GNon_incertDNon_incertRNon	867-869	_	_	_	_
12	aperçut	apercevoir	VERB	Mood=Ind|Number=Sing|Person=3|Tense=Past|VerbForm=Fin	0	root	root	O	870	877	_	_	_	_	_	_	_	_	_	_	_	_	_	_
13	à	à	ADP	_	12	aperçut	advmod	O	878	879	_	_	_	_	_	_	_	_	_	_	_	_	_	_
14	nouveau	nouveau	ADJ	Gender=Masc|Number=Sing	13	à	fixed	O	880	887	_	_	_	_	_	_	_	_	_	_	_	_	_	_
15	son	son	DET	Number=Sing|Number[psor]=Sing|Person[psor]=3|PronType=Prs	16	ombre	det	O	888	891	_	_	_	_	_	_	is_GNon_incertDNon_incertRNon	888-891	_	_	_	_	_	_
16	ombre	ombre	NOUN	Gender=Fem|Number=Sing	12	aperçut	obj	O	892	897	_	_	_	_	_	_	_	_	_	_	_	_	_	_
17	derrière	derrière	ADP	_	19	fenêtre	case	O	898	906	_	_	_	_	_	_	_	_	_	_	_	_	_	_
18	la	le	DET	Definite=Def|Gender=Fem|Number=Sing|PronType=Art	19	fenêtre	det	O	907	909	_	_	_	_	_	_	_	_	_	_	_	_	_	_
19	fenêtre	fenêtre	NOUN	Gender=Fem|Number=Sing	12	aperçut	obl:mod	O	910	917	_	_	_	_	_	_	_	_	_	_	_	_	_	_
20	.	.	PUNCT	_	12	aperçut	punct	O	917	918	_	_	_	_	_	_	_	_	_	_	_	_	_	_
1	Intrigué	intriguer	VERB	Gender=Masc|Number=Sing|Tense=Past|VerbForm=Part	5	immobilisa	advcl	O	919	927	_	_	_	_	_	_	_	_	in_GNon_incertDNon_incertRNon	919-931	_	_	_	_
2	,	,	PUNCT	_	1	Intrigué	punct	O	927	928	_	_	_	_	_	_	_	_	in_GNon_incertDNon_incertRNon	919-931	_	_	_	_
3	il	il	PRON	Gender=Masc|Number=Sing|Person=3|PronType=Prs	5	immobilisa	nsubj	O	929	931	_	_	_	_	_	_	_	_	in_GNon_incertDNon_incertRNon	919-931	_	_	_	_
4	s'	se	PRON	Person=3|PronType=Prs	5	immobilisa	dep:comp	O	932	934	_	_	_	_	_	_	_	_	_	_	_	_	_	_
5	immobilisa	immobiliser	VERB	Mood=Ind|Number=Sing|Person=3|Tense=Past|VerbForm=Fin	0	root	root	O	934	944	_	_	_	_	_	_	_	_	_	_	_	_	_	_
6	quelques	quelque	DET	Number=Plur|PronType=Ind	7	secondes	det	O	945	953	_	_	_	_	_	_	_	_	_	_	_	_	_	_
7	secondes	seconde	NOUN	Gender=Fem|Number=Plur	5	immobilisa	obl:mod	O	954	962	_	_	_	_	_	_	_	_	_	_	_	_	_	_
8	,	,	PUNCT	_	9	cherchant	punct	O	962	963	_	_	_	_	_	_	_	_	_	_	_	_	_	_
9	cherchant	chercher	VERB	Tense=Pres|VerbForm=Part	5	immobilisa	advcl	O	964	973	_	_	_	_	_	_	_	_	_	_	_	_	_	_
10	à	à	ADP	_	11	percer	mark	O	974	975	_	_	_	_	_	_	_	_	_	_	_	_	_	_
11	percer	percer	VERB	VerbForm=Inf	9	cherchant	xcomp	O	976	982	_	_	_	_	_	_	_	_	_	_	_	_	_	_
12	de	de	ADP	_	14	regard	case	O	983	985	_	_	_	_	_	_	_	_	_	_	_	_	_	_
13	son	son	DET	Number=Sing|Number[psor]=Sing|Person[psor]=3|PronType=Prs	14	regard	det	O	986	989	_	_	_	_	_	_	_	_	_	_	_	_	_	_
14	regard	regard	NOUN	Gender=Masc|Number=Sing	11	percer	obl:arg	O	990	996	_	_	_	_	_	_	_	_	_	_	_	_	_	_
15	le	le	DET	Definite=Def|Gender=Masc|Number=Sing|PronType=Art	16	voile	det	O	997	999	_	_	_	_	_	_	_	_	_	_	_	_	_	_
16	voile	voile	NOUN	Gender=Masc|Number=Sing	11	percer	obj	O	1000	1005	_	_	_	_	_	_	_	_	_	_	_	_	_	_
17	derrière	derrière	ADP	_	18	lequel	case	O	1006	1014	_	_	_	_	_	_	_	_	_	_	_	_	_	_
18	lequel	lequel	PRON	Gender=Masc|Number=Sing|PronType=Rel	19	évoluait	obl:mod	O	1015	1021	_	_	_	_	_	_	_	_	_	_	_	_	_	_
19	évoluait	évoluer	VERB	Mood=Ind|Number=Sing|Person=3|Tense=Imp|VerbForm=Fin	16	voile	acl:relcl	O	1022	1030	_	_	_	_	_	_	_	_	_	_	_	_	_	_
20	la	le	DET	Definite=Def|Gender=Fem|Number=Sing|PronType=Art	22	inconnue	det	O	1031	1033	_	_	_	_	_	_	in_GNon_incertDNon_incertRNon	1031-1054	_	_	_	_	_	_
21	mystérieuse	mystérieux	ADJ	Gender=Fem|Number=Sing	22	inconnue	amod	O	1034	1045	_	_	_	_	_	_	in_GNon_incertDNon_incertRNon	1031-1054	_	_	_	_	_	_
22	inconnue	inconnu	NOUN	Gender=Fem|Number=Sing	19	évoluait	nsubj	O	1046	1054	_	_	_	_	_	_	in_GNon_incertDNon_incertRNon	1031-1054	_	_	_	_	_	_
23	.	.	PUNCT	_	5	immobilisa	punct	O	1054	1055	_	_	_	_	_	_	_	_	_	_	_	_	_	_
1	Ce	ce	PRON	Gender=Masc|Number=Sing|Person=3|PronType=Dem	4	ce	nsubj	O	1056	1058	_	_	_	_	_	_	_	_	_	_	_	_	_	_
2	fut	être	AUX	Mood=Ind|Number=Sing|Person=3|Tense=Past|VerbForm=Fin	4	ce	cop	O	1059	1062	_	_	_	_	_	_	_	_	_	_	_	_	_	_
3	précisément	précisément	ADV	_	4	ce	advmod	O	1063	1074	_	_	_	_	_	_	_	_	_	_	_	_	_	_
4	ce	ce	PRON	Gender=Masc|Person=3|PronType=Dem	0	root	root	O	1075	1077	_	_	_	_	_	_	_	_	_	_	_	_	_	_
5	qui	qui	PRON	PronType=Rel	6	interpela	nsubj	O	1078	1081	_	_	_	_	_	_	_	_	_	_	_	_	_	_
6	interpela	interpeler	VERB	Mood=Ind|Number=Sing|Person=3|Tense=Pres|VerbForm=Fin	4	ce	acl:relcl	O	1082	1091	_	_	_	_	_	_	_	_	_	_	_	_	_	_
7	sa	son	DET	Gender=Fem|Number=Sing|Number[psor]=Sing|Person[psor]=3|PronType=Prs	8	sœur	det	O	1092	1094	_	_	_	_	_	_	_	_	is_GNon_incertDNon_incertRNon	1092-1094	_	_	in_GNon_incertDNon_incertRNon	1092-1105
8	sœur	sœur	NOUN	Gender=Fem|Number=Sing	6	interpela	obj	O	1095	1099	_	_	_	_	_	_	_	_	_	_	_	_	in_GNon_incertDNon_incertRNon	1092-1105
9	ainée	ainé	ADJ	Gender=Fem|Number=Sing	8	sœur	amod	O	1100	1105	_	_	_	_	_	_	_	_	_	_	_	_	in_GNon_incertDNon_incertRNon	1092-1105
10	.	.	PUNCT	_	4	ce	punct	O	1105	1106	_	_	_	_	_	_	_	_	_	_	_	_	_	_
1	Marius	Marius	PROPN	_	3	raconta	nsubj	S-PER	1107	1113	_	_	_	_	_	_	_	_	is_GNon_incertDNon_incertRNon	1107-1113	_	_	_	_
2	lui	lui	PRON	Gender=Masc|Number=Sing|Person=3|PronType=Prs	3	raconta	obl:arg	O	1114	1117	_	_	_	_	_	_	_	_	_	_	_	_	is_GNon_incertDNon_incertRNon	1114-1117
3	raconta	raconter	VERB	Mood=Ind|Number=Sing|Person=3|Tense=Past|VerbForm=Fin	0	root	root	O	1118	1125	_	_	_	_	_	_	_	_	_	_	_	_	_	_
4	alors	alors	ADV	_	3	raconta	advmod	O	1126	1131	_	_	_	_	_	_	_	_	_	_	_	_	_	_
5	ses	son	DET	Number=Plur|Number[psor]=Sing|Person[psor]=3|PronType=Prs	7	théories	det	O	1132	1135	_	_	_	_	_	_	_	_	is_GNon_incertDNon_incertRNon	1132-1135	_	_	_	_
6	nombreuses	nombreux	ADJ	Gender=Fem|Number=Plur	7	théories	amod	O	1136	1146	_	_	_	_	_	_	_	_	_	_	_	_	_	_
7	théories	théorie	NOUN	Gender=Fem|Number=Plur	3	raconta	obj	O	1147	1155	_	_	_	_	_	_	_	_	_	_	_	_	_	_
8	,	,	PUNCT	_	11	excentriques	punct	O	1155	1156	_	_	_	_	_	_	_	_	_	_	_	_	_	_
9	des	un	DET	Definite=Ind|Number=Plur|PronType=Art	11	excentriques	det	O	1157	1160	_	_	_	_	_	_	_	_	_	_	_	_	_	_
10	plus	plus	ADV	_	11	excentriques	advmod	O	1161	1165	_	_	_	_	_	_	_	_	_	_	_	_	_	_
11	excentriques	excentrique	ADJ	Gender=Masc|Number=Plur	7	théories	amod	O	1166	1178	_	_	_	_	_	_	_	_	_	_	_	_	_	_
12	à	à	ADP	_	15	vraisemblables	case	O	1179	1181	_	_	_	_	_	_	_	_	_	_	_	_	_	_
13	le	le	DET	Definite=Def|Gender=Masc|Number=Sing|PronType=Art	15	vraisemblables	det	O	1179	1181	_	_	_	_	_	_	_	_	_	_	_	_	_	_
14	plus	plus	ADV	_	13	le	fixed	O	1182	1186	_	_	_	_	_	_	_	_	_	_	_	_	_	_
15	vraisemblables	vraisemblable	ADJ	Gender=Masc|Number=Plur	11	excentriques	nmod	O	1187	1201	_	_	_	_	_	_	_	_	_	_	_	_	_	_
16	.	.	PUNCT	_	3	raconta	punct	O	1201	1202	_	_	_	_	_	_	_	_	_	_	_	_	_	_
1	Il	il	PRON	Gender=Masc|Number=Sing|Person=3|PronType=Prs	4	fallut	expl:subj	O	1203	1205	_	_	_	_	_	_	_	_	_	_	_	_	_	_
2	n'	ne	ADV	Polarity=Neg	4	fallut	advmod	O	1206	1208	_	_	_	_	_	_	_	_	_	_	_	_	_	_
3	en	en	PRON	Person=3|PronType=Prs	4	fallut	dep:comp	O	1208	1210	_	_	_	_	_	_	_	_	_	_	_	_	_	_
4	fallut	falloir	VERB	Mood=Ind|Number=Sing|Person=3|Tense=Past|VerbForm=Fin	0	root	root	O	1211	1217	_	_	_	_	_	_	_	_	_	_	_	_	_	_
5	pas	pas	ADV	Polarity=Neg	4	fallut	advmod	O	1218	1221	_	_	_	_	_	_	_	_	_	_	_	_	_	_
6	plus	plus	ADV	_	4	fallut	advmod	O	1222	1226	_	_	_	_	_	_	_	_	_	_	_	_	_	_
7	pour	pour	ADP	_	11	décide	mark	O	1227	1231	_	_	_	_	_	_	_	_	_	_	_	_	_	_
8	que	que	SCONJ	_	11	décide	mark	O	1232	1235	_	_	_	_	_	_	_	_	_	_	_	_	_	_
9	la	le	DET	Definite=Def|Gender=Fem|Number=Sing|PronType=Art	10	fillette	det	O	1236	1238	_	_	_	_	_	_	_	_	_	_	_	_	in_GNon_incertDNon_incertRNon	1236-1247
10	fillette	fillette	NOUN	Gender=Fem|Number=Sing	11	décide	nsubj	O	1239	1247	_	_	_	_	_	_	_	_	_	_	_	_	in_GNon_incertDNon_incertRNon	1236-1247
11	décide	décider	VERB	Mood=Ind|Number=Sing|Person=3|Tense=Pres|VerbForm=Fin	4	fallut	advcl	O	1248	1254	_	_	_	_	_	_	_	_	_	_	_	_	_	_
12	qu'	que	SCONJ	_	14	fallait	mark	O	1255	1258	_	_	_	_	_	_	_	_	_	_	_	_	_	_
13	il	il	PRON	Gender=Masc|Number=Sing|Person=3|PronType=Prs	14	fallait	expl:subj	O	1258	1260	_	_	_	_	_	_	_	_	_	_	_	_	_	_
14	fallait	falloir	VERB	Mood=Ind|Number=Sing|Person=3|Tense=Imp|VerbForm=Fin	11	décide	ccomp	O	1261	1268	_	_	_	_	_	_	_	_	_	_	_	_	_	_
15	en	en	PRON	Person=3|PronType=Prs	18	cœur	nmod	O	1269	1271	_	_	_	_	_	_	_	_	_	_	_	_	_	_
16	avoir	avoir	VERB	VerbForm=Inf	14	fallait	ccomp	O	1272	1277	_	_	_	_	_	_	_	_	_	_	_	_	_	_
17	le	le	DET	Definite=Def|Gender=Masc|Number=Sing|PronType=Art	18	cœur	det	O	1278	1280	_	_	_	_	_	_	_	_	_	_	_	_	_	_
18	cœur	cœur	NOUN	Gender=Masc|Number=Sing	16	avoir	obj	O	1281	1285	_	_	_	_	_	_	_	_	_	_	_	_	_	_
19	net	net	ADJ	Gender=Masc|Number=Sing	18	cœur	amod	O	1286	1289	_	_	_	_	_	_	_	_	_	_	_	_	_	_
20	.	.	PUNCT	_	4	fallut	punct	O	1289	1290	_	_	_	_	_	_	_	_	_	_	_	_	_	_
1	Ils	il	PRON	Gender=Masc|Number=Plur|Person=3|PronType=Prs	2	décidèrent	nsubj	O	1291	1294	_	_	_	_	_	_	_	_	is_GOui_incertDNon_incertRNon	1291-1294	is_GNon_incertDNon_incertRNon	1291-1294	_	_
2	décidèrent	décider	VERB	Mood=Ind|Number=Plur|Person=3|Tense=Past|VerbForm=Fin	0	root	root	O	1295	1305	_	_	_	_	_	_	_	_	_	_	_	_	_	_
3	alors	alors	ADV	_	2	décidèrent	advmod	O	1306	1311	_	_	_	_	_	_	_	_	_	_	_	_	_	_
4	tous	tout	ADJ	Gender=Masc|Number=Plur	5	deux	amod	O	1312	1316	_	_	_	_	_	_	_	_	in_GOui_incertDNon_incertRNon	1312-1321	in_GNon_incertDNon_incertRNon	1312-1321	_	_
5	deux	deux	NUM	Number=Plur	2	décidèrent	obj	O	1317	1321	_	_	_	_	_	_	_	_	in_GOui_incertDNon_incertRNon	1312-1321	in_GNon_incertDNon_incertRNon	1312-1321	_	_
6	d'	de	ADP	_	7	élaborer	mark	O	1322	1324	_	_	_	_	_	_	_	_	_	_	_	_	_	_
7	élaborer	élaborer	VERB	VerbForm=Inf	2	décidèrent	xcomp	O	1324	1332	_	_	_	_	_	_	_	_	_	_	_	_	_	_
8	un	un	DET	Definite=Ind|Gender=Masc|Number=Sing|PronType=Art	9	plan	det	O	1333	1335	_	_	_	_	_	_	_	_	_	_	_	_	_	_
9	plan	plan	NOUN	Gender=Masc|Number=Sing	7	élaborer	obj	O	1336	1340	_	_	_	_	_	_	_	_	_	_	_	_	_	_
10	pour	pour	ADP	_	11	pénétrer	mark	O	1341	1345	_	_	_	_	_	_	_	_	_	_	_	_	_	_
11	pénétrer	pénétrer	VERB	VerbForm=Inf	7	élaborer	advcl	O	1346	1354	_	_	_	_	_	_	_	_	_	_	_	_	_	_
12	dans	dans	ADP	_	14	maison	case	O	1355	1359	_	_	_	_	_	_	_	_	_	_	_	_	_	_
13	la	le	DET	Definite=Def|Gender=Fem|Number=Sing|PronType=Art	14	maison	det	O	1360	1362	_	_	_	_	_	_	_	_	_	_	_	_	_	_
14	maison	maison	NOUN	Gender=Fem|Number=Sing	11	pénétrer	obl:arg	O	1363	1369	_	_	_	_	_	_	_	_	_	_	_	_	_	_
15	rouge	rouge	ADJ	Gender=Fem|Number=Sing	14	maison	amod	O	1370	1375	_	_	_	_	_	_	_	_	_	_	_	_	_	_
16	et	et	CCONJ	_	18	savoir	cc	O	1376	1378	_	_	_	_	_	_	_	_	_	_	_	_	_	_
17	en	en	PRON	Person=3|PronType=Prs	18	savoir	dep:comp	O	1379	1381	_	_	_	_	_	_	_	_	_	_	_	_	_	_
18	savoir	savoir	VERB	VerbForm=Inf	7	élaborer	conj	O	1382	1388	_	_	_	_	_	_	_	_	_	_	_	_	_	_
19	plus	plus	ADV	_	18	savoir	advmod	O	1389	1393	_	_	_	_	_	_	_	_	_	_	_	_	_	_
20	à	à	ADP	_	21	propos	case	O	1394	1395	_	_	_	_	_	_	_	_	_	_	_	_	_	_
21	propos	propos	NOUN	Gender=Masc	18	savoir	obl:mod	O	1396	1402	_	_	_	_	_	_	_	_	_	_	_	_	_	_
22	de	de	ADP	_	24	résidente	case	O	1403	1405	_	_	_	_	_	_	_	_	_	_	_	_	_	_
23	sa	son	DET	Gender=Fem|Number=Sing|Number[psor]=Sing|Person[psor]=3|PronType=Prs	24	résidente	det	O	1406	1408	_	_	_	_	_	_	in_GNon_incertDNon_incertRNon	1406-1418	_	_	_	_	_	_
24	résidente	résident	NOUN	Gender=Fem|Number=Sing	21	propos	nmod	O	1409	1418	_	_	_	_	_	_	in_GNon_incertDNon_incertRNon	1406-1418	_	_	_	_	_	_
1	Le	le	DET	Definite=Def|Gender=Masc|Number=Sing|PronType=Art	2	soir-même	det	O	1419	1421	_	_	_	_	_	_	_	_	_	_	_	_	_	_
2	soir-même	soir-même	NOUN	Gender=Masc|Number=Sing	7	attendirent	obl:mod	O	1422	1431	_	_	_	_	_	_	_	_	_	_	_	_	_	_
3	,	,	PUNCT	_	2	soir-même	punct	O	1431	1432	_	_	_	_	_	_	_	_	_	_	_	_	_	_
4	les	le	DET	Definite=Def|Number=Plur|PronType=Art	6	enfants	det	O	1433	1436	_	_	_	_	_	_	_	_	in_GOui_incertDNon_incertRNon	1433-1449	in_GNon_incertDNon_incertRNon	1433-1449	_	_
5	deux	deux	NUM	Number=Plur	6	enfants	nummod	O	1437	1441	_	_	_	_	_	_	_	_	in_GOui_incertDNon_incertRNon	1433-1449	in_GNon_incertDNon_incertRNon	1433-1449	_	_
6	enfants	enfant	NOUN	Number=Plur	7	attendirent	nsubj	O	1442	1449	_	_	_	_	_	_	_	_	in_GOui_incertDNon_incertRNon	1433-1449	in_GNon_incertDNon_incertRNon	1433-1449	_	_
7	attendirent	attendre	VERB	Mood=Ind|Number=Plur|Person=3|Tense=Past|VerbForm=Fin	0	root	root	O	1450	1461	_	_	_	_	_	_	_	_	_	_	_	_	_	_
8	que	que	SCONJ	_	13	endormis	mark	O	1462	1465	_	_	_	_	_	_	_	_	_	_	_	_	_	_
9	leurs	son	DET	Number=Plur|Number[psor]=Plur|Person[psor]=3|PronType=Prs	10	parents	det	O	1466	1471	_	_	_	_	_	_	_	_	is_GOui_incertDNon_incertRNon	1466-1471	is_GNon_incertDNon_incertRNon	1466-1471	_	_
10	parents	parent	NOUN	Gender=Masc|Number=Plur	13	endormis	nsubj:pass	O	1472	1479	_	_	_	_	_	_	_	_	_	_	_	_	_	_
11	soient	être	AUX	Mood=Sub|Number=Plur|Person=3|Tense=Pres|VerbForm=Fin	13	endormis	aux:pass	O	1480	1486	_	_	_	_	_	_	_	_	_	_	_	_	_	_
12	parfaitement	parfaitement	ADV	_	13	endormis	advmod	O	1487	1499	_	_	_	_	_	_	_	_	_	_	_	_	_	_
13	endormis	endormir	VERB	Gender=Masc|Number=Plur|Tense=Past|VerbForm=Part	7	attendirent	ccomp	O	1500	1508	_	_	_	_	_	_	_	_	_	_	_	_	_	_
14	pour	pour	ADP	_	15	quitter	mark	O	1509	1513	_	_	_	_	_	_	_	_	_	_	_	_	_	_
15	quitter	quitter	VERB	VerbForm=Inf	13	endormis	advcl	O	1514	1521	_	_	_	_	_	_	_	_	_	_	_	_	_	_
16	leur	son	DET	Number=Sing|Number[psor]=Plur|Person[psor]=3|PronType=Prs	17	maison	det	O	1522	1526	_	_	_	_	_	_	_	_	is_GOui_incertDNon_incertRNon	1522-1526	is_GNon_incertDNon_incertRNon	1522-1526	_	_
17	maison	maison	NOUN	Gender=Fem|Number=Sing	15	quitter	obj	O	1527	1533	_	_	_	_	_	_	_	_	_	_	_	_	_	_
18	.	.	PUNCT	_	7	attendirent	punct	O	1533	1534	_	_	_	_	_	_	_	_	_	_	_	_	_	_
1	Ils	il	PRON	Gender=Masc|Number=Plur|Person=3|PronType=Prs	3	retrouvèrent	nsubj	O	1535	1538	_	_	_	_	_	_	_	_	is_GOui_incertDNon_incertRNon	1535-1538	is_GNon_incertDNon_incertRNon	1535-1538	_	_
2	se	se	PRON	Person=3|PronType=Prs	3	retrouvèrent	expl:pass	O	1539	1541	_	_	_	_	_	_	_	_	_	_	_	_	_	_
3	retrouvèrent	retrouver	VERB	Mood=Ind|Number=Plur|Person=3|Tense=Past|VerbForm=Fin	0	root	root	O	1542	1554	_	_	_	_	_	_	_	_	_	_	_	_	_	_
4	seuls	seul	ADJ	Gender=Masc|Number=Plur	3	retrouvèrent	xcomp	O	1555	1560	_	_	_	_	_	_	_	_	_	_	_	_	_	_
5	dans	dans	ADP	_	7	nuit	case	O	1561	1565	_	_	_	_	_	_	_	_	_	_	_	_	_	_
6	la	le	DET	Definite=Def|Gender=Fem|Number=Sing|PronType=Art	7	nuit	det	O	1566	1568	_	_	_	_	_	_	_	_	_	_	_	_	_	_
7	nuit	nuit	NOUN	Gender=Fem|Number=Sing	3	retrouvèrent	obl:mod	O	1569	1573	_	_	_	_	_	_	_	_	_	_	_	_	_	_
8	face	face	NOUN	_	11	village	case	O	1574	1578	_	_	_	_	_	_	_	_	_	_	_	_	_	_
9	à	à	ADP	_	8	face	fixed	O	1579	1581	_	_	_	_	_	_	_	_	_	_	_	_	_	_
10	le	le	DET	Definite=Def|Gender=Masc|Number=Sing|PronType=Art	11	village	det	O	1579	1581	_	_	_	_	_	_	_	_	_	_	_	_	_	_
11	village	village	NOUN	Gender=Masc|Number=Sing	3	retrouvèrent	obl:mod	O	1582	1589	_	_	_	_	_	_	_	_	_	_	_	_	_	_
12	endormi	endormi	ADJ	Gender=Masc|Number=Sing	11	village	amod	O	1590	1597	_	_	_	_	_	_	_	_	_	_	_	_	_	_
13	.	.	PUNCT	_	3	retrouvèrent	punct	O	1597	1598	_	_	_	_	_	_	_	_	_	_	_	_	_	_
1	Il	il	PRON	Gender=Masc|Number=Sing|Person=3|PronType=Prs	4	fallut	expl:subj	O	1599	1601	_	_	_	_	_	_	_	_	_	_	_	_	_	_
2	ne	ne	ADV	Polarity=Neg	4	fallut	advmod	O	1602	1604	_	_	_	_	_	_	_	_	_	_	_	_	_	_
3	leur	lui	PRON	Number=Plur|Person=3|PronType=Prs	4	fallut	obl:arg	O	1605	1609	_	_	_	_	_	_	_	_	is_GOui_incertDNon_incertRNon	1605-1609	is_GNon_incertDNon_incertRNon	1605-1609	_	_
4	fallut	falloir	VERB	Mood=Ind|Number=Sing|Person=3|Tense=Past|VerbForm=Fin	0	root	root	O	1610	1616	_	_	_	_	_	_	_	_	_	_	_	_	_	_
5	que	que	ADV	_	7	minutes	advmod	O	1617	1620	_	_	_	_	_	_	_	_	_	_	_	_	_	_
6	quelques	quelque	DET	Number=Plur|PronType=Ind	7	minutes	det	O	1621	1629	_	_	_	_	_	_	_	_	_	_	_	_	_	_
7	minutes	minute	NOUN	Gender=Fem|Number=Plur	4	fallut	obj	O	1630	1637	_	_	_	_	_	_	_	_	_	_	_	_	_	_
8	pour	pour	ADP	_	9	arriver	mark	O	1638	1642	_	_	_	_	_	_	_	_	_	_	_	_	_	_
9	arriver	arriver	VERB	VerbForm=Inf	4	fallut	advcl	O	1643	1650	_	_	_	_	_	_	_	_	_	_	_	_	_	_
10	devant	devant	ADP	_	12	maison	case	O	1651	1657	_	_	_	_	_	_	_	_	_	_	_	_	_	_
11	la	le	DET	Definite=Def|Gender=Fem|Number=Sing|PronType=Art	12	maison	det	O	1658	1660	_	_	_	_	_	_	_	_	_	_	_	_	_	_
12	maison	maison	NOUN	Gender=Fem|Number=Sing	9	arriver	obl:mod	O	1661	1667	_	_	_	_	_	_	_	_	_	_	_	_	_	_
13	rouge	rouge	ADJ	Gender=Fem|Number=Sing	12	maison	amod	O	1668	1673	_	_	_	_	_	_	_	_	_	_	_	_	_	_
14	.	.	PUNCT	_	4	fallut	punct	O	1673	1674	_	_	_	_	_	_	_	_	_	_	_	_	_	_
1	Une	un	DET	Definite=Ind|Gender=Fem|Number=Sing|PronType=Art	5	atmosphère	det	O	1675	1678	_	_	_	_	_	_	_	_	_	_	_	_	_	_
2	étrange	étrange	ADJ	Gender=Fem|Number=Sing	5	atmosphère	amod	O	1679	1686	_	_	_	_	_	_	_	_	_	_	_	_	_	_
3	et	et	CCONJ	_	4	angoissante	cc	O	1687	1689	_	_	_	_	_	_	_	_	_	_	_	_	_	_
4	angoissante	angoissant	ADJ	Gender=Fem|Number=Sing	2	étrange	conj	O	1690	1701	_	_	_	_	_	_	_	_	_	_	_	_	_	_
5	atmosphère	atmosphère	NOUN	Gender=Fem|Number=Sing	8	dégageait	nsubj:pass	O	1702	1712	_	_	_	_	_	_	_	_	_	_	_	_	_	_
6	s'	se	PRON	Person=3|PronType=Prs	8	dégageait	expl:pass	O	1713	1715	_	_	_	_	_	_	_	_	_	_	_	_	_	_
7	en	en	PRON	Person=3|PronType=Prs	8	dégageait	obl:arg	O	1715	1717	_	_	_	_	_	_	_	_	_	_	_	_	_	_
8	dégageait	dégager	VERB	Mood=Ind|Number=Sing|Person=3|Tense=Imp|VerbForm=Fin	0	root	root	O	1718	1727	_	_	_	_	_	_	_	_	_	_	_	_	_	_
9	.	.	PUNCT	_	8	dégageait	punct	O	1727	1728	_	_	_	_	_	_	_	_	_	_	_	_	_	_
1	L'	le	DET	Definite=Def|Number=Sing|PronType=Art	2	espace	det	O	1729	1731	_	_	_	_	_	_	_	_	_	_	_	_	_	_
2	espace	espace	NOUN	Gender=Masc|Number=Sing	8	tentés	nsubj:pass	O	1731	1737	_	_	_	_	_	_	_	_	_	_	_	_	_	_
3	de	de	ADP	_	5	instants	case	O	1738	1740	_	_	_	_	_	_	_	_	_	_	_	_	_	_
4	quelques	quelque	DET	Number=Plur|PronType=Ind	5	instants	det	O	1741	1749	_	_	_	_	_	_	_	_	_	_	_	_	_	_
5	instants	instant	NOUN	Gender=Masc|Number=Plur	2	espace	nmod	O	1750	1758	_	_	_	_	_	_	_	_	_	_	_	_	_	_
6	ils	il	PRON	Gender=Masc|Number=Plur|Person=3|PronType=Prs	8	tentés	nsubj:pass	O	1759	1762	_	_	_	_	_	_	_	_	is_GOui_incertDNon_incertRNon	1759-1762	is_GNon_incertDNon_incertRNon	1759-1762	_	_
7	furent	être	AUX	Mood=Ind|Number=Plur|Person=3|Tense=Past|VerbForm=Fin	8	tentés	aux:pass	O	1763	1769	_	_	_	_	_	_	_	_	_	_	_	_	_	_
8	tentés	tenter	VERB	Gender=Masc|Number=Plur|Tense=Past|VerbForm=Part	0	root	root	O	1770	1776	_	_	_	_	_	_	_	_	_	_	_	_	_	_
9	de	de	ADP	_	11	demi-tour	mark	O	1777	1779	_	_	_	_	_	_	_	_	_	_	_	_	_	_
10	faire	faire	AUX	VerbForm=Inf	11	demi-tour	aux:caus	O	1780	1785	_	_	_	_	_	_	_	_	_	_	_	_	_	_
11	demi-tour	demi-tour	NOUN	Gender=Masc|Number=Sing	8	tentés	xcomp	O	1786	1795	_	_	_	_	_	_	_	_	_	_	_	_	_	_
12	mais	mais	CCONJ	_	16	firent	cc	O	1796	1800	_	_	_	_	_	_	_	_	_	_	_	_	_	_
13	ils	il	PRON	Gender=Masc|Number=Plur|Person=3|PronType=Prs	16	firent	nsubj	O	1801	1804	_	_	_	_	_	_	_	_	is_GOui_incertDNon_incertRNon	1801-1804	is_GNon_incertDNon_incertRNon	1801-1804	_	_
14	n'	ne	ADV	Polarity=Neg	16	firent	advmod	O	1805	1807	_	_	_	_	_	_	_	_	_	_	_	_	_	_
15	en	en	PRON	Person=3|PronType=Prs	17	rien	nmod	O	1807	1809	_	_	_	_	_	_	_	_	_	_	_	_	_	_
16	firent	faire	VERB	Mood=Ind|Number=Plur|Person=3|Tense=Past|VerbForm=Fin	8	tentés	conj	O	1810	1816	_	_	_	_	_	_	_	_	_	_	_	_	_	_
17	rien	rien	PRON	Gender=Masc|Number=Sing|Person=3|PronType=Neg	16	firent	obj	O	1817	1821	_	_	_	_	_	_	_	_	_	_	_	_	_	_
18	.	.	PUNCT	_	8	tentés	punct	O	1821	1822	_	_	_	_	_	_	_	_	_	_	_	_	_	_
1	Marius	Marius	PROPN	_	3	mit	nsubj	S-PER	1823	1829	_	_	_	_	_	_	_	_	is_GNon_incertDNon_incertRNon	1823-1829	_	_	_	_
2	se	se	PRON	Person=3|PronType=Prs	3	mit	dep:comp	O	1830	1832	_	_	_	_	_	_	_	_	_	_	_	_	_	_
3	mit	mettre	VERB	Mood=Ind|Number=Sing|Person=3|Tense=Past|VerbForm=Fin	0	root	root	O	1833	1836	_	_	_	_	_	_	_	_	_	_	_	_	_	_
4	alors	alors	ADV	_	3	mit	advmod	O	1837	1842	_	_	_	_	_	_	_	_	_	_	_	_	_	_
5	à	à	ADP	_	6	faire	mark	O	1843	1844	_	_	_	_	_	_	_	_	_	_	_	_	_	_
6	faire	faire	VERB	VerbForm=Inf	3	mit	xcomp	O	1845	1850	_	_	_	_	_	_	_	_	_	_	_	_	_	_
7	le	le	DET	Definite=Def|Gender=Masc|Number=Sing|PronType=Art	8	tour	det	O	1851	1853	_	_	_	_	_	_	_	_	_	_	_	_	_	_
8	tour	tour	NOUN	Gender=Masc|Number=Sing	6	faire	obj	O	1854	1858	_	_	_	_	_	_	_	_	_	_	_	_	_	_
9	de	de	ADP	_	11	bâtiment	case	O	1859	1861	_	_	_	_	_	_	_	_	_	_	_	_	_	_
10	le	le	DET	Definite=Def|Gender=Masc|Number=Sing|PronType=Art	11	bâtiment	det	O	1859	1861	_	_	_	_	_	_	_	_	_	_	_	_	_	_
11	bâtiment	bâtiment	NOUN	Gender=Masc|Number=Sing	8	tour	nmod	O	1862	1870	_	_	_	_	_	_	_	_	_	_	_	_	_	_
12	à	à	ADP	_	14	recherche	case	O	1871	1872	_	_	_	_	_	_	_	_	_	_	_	_	_	_
13	la	le	DET	Definite=Def|Gender=Fem|Number=Sing|PronType=Art	14	recherche	det	O	1873	1875	_	_	_	_	_	_	_	_	_	_	_	_	_	_
14	recherche	recherche	NOUN	Gender=Fem|Number=Sing	6	faire	obl:mod	O	1876	1885	_	_	_	_	_	_	_	_	_	_	_	_	_	_
15	d'	de	ADP	_	17	brèche	case	O	1886	1888	_	_	_	_	_	_	_	_	_	_	_	_	_	_
16	une	un	DET	Definite=Ind|Gender=Fem|Number=Sing|PronType=Art	17	brèche	det	O	1888	1891	_	_	_	_	_	_	_	_	_	_	_	_	_	_
17	brèche	brèche	NOUN	Gender=Fem|Number=Sing	14	recherche	nmod	O	1892	1898	_	_	_	_	_	_	_	_	_	_	_	_	_	_
18	par	par	ADP	_	19	laquelle	case	O	1899	1902	_	_	_	_	_	_	_	_	_	_	_	_	_	_
19	laquelle	lequel	PRON	Gender=Fem|Number=Sing|PronType=Rel	21	pénétrer	obl:arg	O	1903	1911	_	_	_	_	_	_	_	_	_	_	_	_	_	_
20	y	y	PRON	Person=3|PronType=Prs	21	pénétrer	obl:arg	O	1912	1913	_	_	_	_	_	_	_	_	_	_	_	_	_	_
21	pénétrer	pénétrer	VERB	Number=Sing|Tense=Past|VerbForm=Inf	17	brèche	acl:relcl	O	1914	1922	_	_	_	_	_	_	_	_	_	_	_	_	_	_
22	.	.	PUNCT	_	3	mit	punct	O	1922	1923	_	_	_	_	_	_	_	_	_	_	_	_	_	_
1	Un	un	DET	Definite=Ind|Gender=Masc|Number=Sing|PronType=Art	2	hurlement	det	O	1924	1926	_	_	_	_	_	_	_	_	_	_	_	_	_	_
2	hurlement	hurlement	NOUN	Gender=Masc|Number=Sing	4	retentit	nsubj	O	1927	1936	_	_	_	_	_	_	_	_	_	_	_	_	_	_
3	strident	strident	ADJ	Gender=Masc|Number=Sing	2	hurlement	amod	O	1937	1945	_	_	_	_	_	_	_	_	_	_	_	_	_	_
4	retentit	retentir	VERB	Mood=Ind|Number=Sing|Person=3|Tense=Pres|VerbForm=Fin	0	root	root	O	1946	1954	_	_	_	_	_	_	_	_	_	_	_	_	_	_
5	tout	tout	ADV	_	4	retentit	advmod	O	1955	1959	_	_	_	_	_	_	_	_	_	_	_	_	_	_
6	à	à	ADP	_	5	tout	fixed	O	1960	1961	_	_	_	_	_	_	_	_	_	_	_	_	_	_
7	coup	coup	NOUN	Gender=Masc|Number=Sing	5	tout	fixed	O	1962	1966	_	_	_	_	_	_	_	_	_	_	_	_	_	_
8	dans	dans	ADP	_	10	nuit	case	O	1967	1971	_	_	_	_	_	_	_	_	_	_	_	_	_	_
9	la	le	DET	Definite=Def|Gender=Fem|Number=Sing|PronType=Art	10	nuit	det	O	1972	1974	_	_	_	_	_	_	_	_	_	_	_	_	_	_
10	nuit	nuit	NOUN	Gender=Fem|Number=Sing	4	retentit	obl:mod	O	1975	1979	_	_	_	_	_	_	_	_	_	_	_	_	_	_
11	silencieuse	silencieux	ADJ	Gender=Fem|Number=Sing	10	nuit	amod	O	1980	1991	_	_	_	_	_	_	_	_	_	_	_	_	_	_
12	.	.	PUNCT	_	4	retentit	punct	O	1991	1992	_	_	_	_	_	_	_	_	_	_	_	_	_	_
1	Il	il	PRON	Gender=Masc|Number=Sing|Person=3|PronType=Prs	3	retourna	nsubj	O	1993	1995	consigne	_	_	_	_	_	_	_	is_GNon_incertDNon_incertRNon	1993-1995	_	_	_	_
2	se	se	PRON	Person=3|PronType=Prs	3	retourna	dep:comp	O	1996	1998	consigne	_	_	_	_	_	_	_	_	_	_	_	_	_
3	retourna	retourner	VERB	Mood=Ind|Number=Sing|Person=3|Tense=Past|VerbForm=Fin	0	root	root	O	1999	2007	consigne	_	_	_	_	_	_	_	_	_	_	_	_	_
4	en	en	ADP	_	5	entendant	mark	O	2008	2010	consigne	_	_	_	_	_	_	_	_	_	_	_	_	_
5	entendant	entendre	VERB	Tense=Pres|VerbForm=Part	3	retourna	advcl	O	2011	2020	consigne	_	_	_	_	_	_	_	_	_	_	_	_	_
6	ce	ce	DET	Gender=Masc|Number=Sing|PronType=Dem	8	bruit	det	O	2021	2023	consigne	_	_	_	_	_	_	_	_	_	_	_	_	_
7	grand	grand	ADJ	Gender=Masc|Number=Sing	8	bruit	amod	O	2024	2029	consigne	_	_	_	_	_	_	_	_	_	_	_	_	_
8	bruit	bruit	NOUN	Gender=Masc|Number=Sing	5	entendant	obj	O	2030	2035	consigne	_	_	_	_	_	_	_	_	_	_	_	_	_
9	.	.	PUNCT	_	3	retourna	punct	O	2035	2036	_	_	_	_	_	_	_	_	_	_	_	_	_	_
1	D'	de	ADP	_	2	où	case	O	2037	2039	_	_	_	_	_	_	_	_	_	_	_	_	_	_
2	où	où	ADV	PronType=Rel	3	provenait	obl:arg	O	2039	2041	_	_	_	_	_	_	_	_	_	_	_	_	_	_
3	provenait	provenir	VERB	Mood=Ind|Number=Sing|Person=3|Tense=Imp|VerbForm=Fin	0	root	root	O	2042	2051	_	_	_	_	_	_	_	_	_	_	_	_	_	_
4	-il	il	PRON	Gender=Masc|Number=Sing|Person=3|PronType=Prs	3	provenait	nsubj	O	2051	2054	_	_	_	_	_	_	_	_	_	_	_	_	_	_
5	?	?	PUNCT	_	3	provenait	punct	O	2055	2056	_	_	_	_	_	_	_	_	_	_	_	_	_	_
1	Elena	Elena	PROPN	_	0	root	root	S-MISC	2057	2062	_	_	_	_	_	_	_	_	_	_	_	_	is_GNon_incertDNon_incertRNon	2057-2062
2	?	?	PUNCT	_	1	Elena	punct	O	2063	2064	_	_	_	_	_	_	_	_	_	_	_	_	_	_
1	Mais	mais	CCONJ	_	5	passée	cc	O	2065	2069	_	_	_	_	_	_	_	_	_	_	_	_	_	_
2	où	où	ADV	PronType=Rel	5	passée	obl:arg	O	2070	2072	_	_	_	_	_	_	_	_	_	_	_	_	_	_
3	était	être	AUX	Mood=Ind|Number=Sing|Person=3|Tense=Imp|VerbForm=Fin	5	passée	aux:tense	O	2073	2078	_	_	_	_	_	_	_	_	_	_	_	_	_	_
4	-elle	il	PRON	Gender=Fem|Number=Sing|Person=3|PronType=Prs	5	passée	nsubj	O	2078	2083	_	_	_	_	_	_	_	_	_	_	_	_	GNon_incertDNon_incertRNon	2079-2083
5	passée	passer	VERB	Gender=Fem|Number=Sing|Tense=Past|VerbForm=Part	0	root	root	O	2084	2090	_	_	_	_	_	_	_	_	_	_	_	_	_	_
6	?	?	PUNCT	_	5	passée	punct	O	2091	2092	_	_	_	_	_	_	_	_	_	_	_	_	_	_
1	Soudain	soudain	ADV	_	4	vit	advmod	O	2093	2100	_	_	_	_	_	_	_	_	_	_	_	_	_	_
2	,	,	PUNCT	_	1	Soudain	punct	O	2100	2101	_	_	_	_	_	_	_	_	_	_	_	_	_	_
3	il	il	PRON	Gender=Masc|Number=Sing|Person=3|PronType=Prs	4	vit	nsubj	O	2102	2104	_	_	_	_	_	_	_	_	is_GNon_incertDNon_incertRNon	2102-2104	_	_	_	_
4	vit	vivre	VERB	Mood=Ind|Number=Sing|Person=3|Tense=Pres|VerbForm=Fin	0	root	root	O	2105	2108	_	_	_	_	_	_	_	_	_	_	_	_	_	_
5	la	le	DET	Definite=Def|Gender=Fem|Number=Sing|PronType=Art	6	porte	det	O	2109	2111	_	_	_	_	_	_	_	_	_	_	_	_	_	_
6	porte	porte	NOUN	Gender=Fem|Number=Sing	4	vit	obj	O	2112	2117	_	_	_	_	_	_	_	_	_	_	_	_	_	_
7	de	de	ADP	_	9	maison	case	O	2118	2120	_	_	_	_	_	_	_	_	_	_	_	_	_	_
8	la	le	DET	Definite=Def|Gender=Fem|Number=Sing|PronType=Art	9	maison	det	O	2121	2123	_	_	_	_	_	_	_	_	_	_	_	_	_	_
9	maison	maison	NOUN	Gender=Fem|Number=Sing	6	porte	nmod	O	2124	2130	_	_	_	_	_	_	_	_	_	_	_	_	_	_
10	s'	se	PRON	Person=3|PronType=Prs	11	ouvrir	obj	O	2131	2133	_	_	_	_	_	_	_	_	_	_	_	_	_	_
11	ouvrir	ouvrir	VERB	VerbForm=Inf	4	vit	xcomp	O	2133	2139	_	_	_	_	_	_	_	_	_	_	_	_	_	_
12	et	et	CCONJ	_	16	sortir	cc	O	2140	2142	_	_	_	_	_	_	_	_	_	_	_	_	_	_
13	sa	son	DET	Gender=Fem|Number=Sing|Number[psor]=Sing|Person[psor]=3|PronType=Prs	14	sœur	det	O	2143	2145	_	_	_	_	_	_	_	_	is_GNon_incertDNon_incertRNon	2143-2145	_	_	in_GNon_incertDNon_incertRNon	2143-2150
14	sœur	sœur	NOUN	Gender=Fem|Number=Sing	16	sortir	nsubj	O	2146	2150	_	_	_	_	_	_	_	_	_	_	_	_	in_GNon_incertDNon_incertRNon	2143-2150
15	en	en	PRON	Person=3|PronType=Prs	16	sortir	dep:comp	O	2151	2153	_	_	_	_	_	_	_	_	_	_	_	_	_	_
16	sortir	sortir	VERB	VerbForm=Inf	11	ouvrir	conj	O	2154	2160	_	_	_	_	_	_	_	_	_	_	_	_	_	_
17	en	en	ADP	_	18	courant	case	O	2161	2163	_	_	_	_	_	_	_	_	_	_	_	_	_	_
18	courant	courant	NOUN	Gender=Masc|Number=Sing	16	sortir	obl:mod	O	2164	2171	_	_	_	_	_	_	_	_	_	_	_	_	_	_
19	.	.	PUNCT	_	4	vit	punct	O	2171	2172	_	_	_	_	_	_	_	_	_	_	_	_	_	_
1	Elle	il	PRON	Gender=Fem|Number=Sing|Person=3|PronType=Prs	4	réussi	nsubj	O	2173	2177	_	_	_	_	_	_	_	_	_	_	_	_	is_GNon_incertDNon_incertRNon	2173-2177
2	avait	avoir	AUX	Mood=Ind|Number=Sing|Person=3|Tense=Imp|VerbForm=Fin	4	réussi	aux:tense	O	2178	2183	_	_	_	_	_	_	_	_	_	_	_	_	_	_
3	donc	donc	ADV	_	4	réussi	advmod	O	2184	2188	_	_	_	_	_	_	_	_	_	_	_	_	_	_
4	réussi	réussir	VERB	Gender=Masc|Number=Sing|Tense=Past|VerbForm=Part	0	root	root	O	2189	2195	_	_	_	_	_	_	_	_	_	_	_	_	_	_
5	à	à	ADP	_	6	entrer	mark	O	2196	2197	_	_	_	_	_	_	_	_	_	_	_	_	_	_
6	entrer	entrer	VERB	VerbForm=Inf	4	réussi	xcomp	O	2198	2204	_	_	_	_	_	_	_	_	_	_	_	_	_	_
7	!	!	PUNCT	_	4	réussi	punct	O	2205	2206	_	_	_	_	_	_	_	_	_	_	_	_	_	_
1	Ce	ce	PRON	Gender=Masc|Number=Sing|Person=3|PronType=Dem	15	laissa	nsubj	O	2207	2209	_	_	_	_	_	_	_	_	_	_	_	_	_	_
2	qu'	que	PRON	PronType=Rel	4	vit	obj	O	2210	2213	_	_	_	_	_	_	_	_	_	_	_	_	_	_
3	il	il	PRON	Gender=Masc|Number=Sing|Person=3|PronType=Prs	4	vit	nsubj	O	2213	2215	_	_	_	_	_	_	_	_	is_GNon_incertDNon_incertRNon	2213-2215	_	_	_	_
4	vit	vivre	VERB	Mood=Ind|Number=Sing|Person=3|Tense=Pres|VerbForm=Fin	1	Ce	acl:relcl	O	2216	2219	_	_	_	_	_	_	_	_	_	_	_	_	_	_
5	alors	alors	ADV	_	4	vit	advmod	O	2220	2225	_	_	_	_	_	_	_	_	_	_	_	_	_	_
6	,	,	PUNCT	_	9	embrasure	punct	O	2225	2226	_	_	_	_	_	_	_	_	_	_	_	_	_	_
7	dans	dans	ADP	_	9	embrasure	case	O	2227	2231	_	_	_	_	_	_	_	_	_	_	_	_	_	_
8	l'	le	DET	Definite=Def|Number=Sing|PronType=Art	9	embrasure	det	O	2232	2234	_	_	_	_	_	_	_	_	_	_	_	_	_	_
9	embrasure	embrasure	NOUN	Gender=Fem|Number=Sing	4	vit	obl:mod	O	2234	2243	_	_	_	_	_	_	_	_	_	_	_	_	_	_
10	de	de	ADP	_	12	porte	case	O	2244	2246	_	_	_	_	_	_	_	_	_	_	_	_	_	_
11	la	le	DET	Definite=Def|Gender=Fem|Number=Sing|PronType=Art	12	porte	det	O	2247	2249	_	_	_	_	_	_	_	_	_	_	_	_	_	_
12	porte	porte	NOUN	Gender=Fem|Number=Sing	9	embrasure	nmod	O	2250	2255	_	_	_	_	_	_	_	_	_	_	_	_	_	_
13	,	,	PUNCT	_	9	embrasure	punct	O	2255	2256	_	_	_	_	_	_	_	_	_	_	_	_	_	_
14	le	le	PRON	Gender=Masc|Number=Sing|Person=3|PronType=Prs	15	laissa	obj	O	2257	2259	_	_	_	_	_	_	_	_	_	_	_	_	_	_
15	laissa	laisser	VERB	Mood=Ind|Number=Sing|Person=3|Tense=Past|VerbForm=Fin	0	root	root	O	2260	2266	_	_	_	_	_	_	_	_	is_GNon_incertDNon_incertRNon	2260-2266	_	_	_	_
16	sans	sans	ADP	_	17	voix	case	O	2267	2271	_	_	_	_	_	_	_	_	_	_	_	_	_	_
17	voix	voix	NOUN	Gender=Fem|Number=Plur	15	laissa	obl:mod	O	2272	2276	_	_	_	_	_	_	_	_	_	_	_	_	_	_
18	.	.	PUNCT	_	15	laissa	punct	O	2276	2277	_	_	_	_	_	_	_	_	_	_	_	_	_	_
1	Elena	Elena	PROPN	_	3	hurla	nsubj	S-MISC	2278	2283	_	_	_	_	_	_	_	_	_	_	_	_	is_GNon_incertDNon_incertRNon	2278-2283
2	lui	lui	PRON	Gender=Masc|Number=Sing|Person=3|PronType=Prs	3	hurla	obl:arg	O	2284	2287	_	_	_	_	_	_	_	_	is_GNon_incertDNon_incertRNon	2284-2287	_	_	_	_
3	hurla	hurler	VERB	Mood=Ind|Number=Sing|Person=3|Tense=Past|VerbForm=Fin	0	root	root	O	2288	2293	_	_	_	_	_	_	_	_	_	_	_	_	_	_
4	de	de	ADP	_	6	enfuir	mark	O	2294	2296	_	_	_	_	_	_	_	_	_	_	_	_	_	_
5	s'	se	PRON	Person=3|PronType=Prs	6	enfuir	dep:comp	O	2297	2299	_	_	_	_	_	_	_	_	_	_	_	_	_	_
6	enfuir	enfuir	VERB	VerbForm=Inf	3	hurla	xcomp	O	2299	2305	_	_	_	_	_	_	_	_	_	_	_	_	_	_
7	et	et	CCONJ	_	12	précipitèrent	cc	O	2306	2308	_	_	_	_	_	_	_	_	_	_	_	_	_	_
8	les	le	DET	Definite=Def|Number=Plur|PronType=Art	10	enfants	det	O	2309	2312	_	_	_	_	_	_	_	_	in_GOui_incertDNon_incertRNon	2309-2325	in_GNon_incertDNon_incertRNon	2309-2325	_	_
9	deux	deux	NUM	Number=Plur	10	enfants	nummod	O	2313	2317	_	_	_	_	_	_	_	_	in_GOui_incertDNon_incertRNon	2309-2325	in_GNon_incertDNon_incertRNon	2309-2325	_	_
10	enfants	enfant	NOUN	Number=Plur	12	précipitèrent	nsubj	O	2318	2325	_	_	_	_	_	_	_	_	in_GOui_incertDNon_incertRNon	2309-2325	in_GNon_incertDNon_incertRNon	2309-2325	_	_
11	se	se	PRON	Person=3|PronType=Prs	12	précipitèrent	expl:pass	O	2326	2328	_	_	_	_	_	_	_	_	_	_	_	_	_	_
12	précipitèrent	précipiter	VERB	Mood=Ind|Number=Plur|Person=3|Tense=Past|VerbForm=Fin	3	hurla	conj	O	2329	2342	_	_	_	_	_	_	_	_	_	_	_	_	_	_
13	pour	pour	ADP	_	14	rentrer	mark	O	2343	2347	_	_	_	_	_	_	_	_	_	_	_	_	_	_
14	rentrer	rentrer	VERB	VerbForm=Inf	12	précipitèrent	advcl	O	2348	2355	_	_	_	_	_	_	_	_	_	_	_	_	_	_
15	chez	chez	ADP	_	16	eux	case	O	2356	2360	_	_	_	_	_	_	_	_	_	_	_	_	_	_
16	eux	lui	PRON	Gender=Masc|Number=Plur|Person=3|PronType=Prs	14	rentrer	obl:mod	O	2361	2364	_	_	_	_	_	_	_	_	is_GOui_incertDNon_incertRNon	2361-2364	is_GNon_incertDNon_incertRNon	2361-2364	_	_
1	Depuis	depuis	ADP	_	3	aventure	case	O	2365	2371	consigne	_	_	_	_	_	_	_	_	_	_	_	_	_
2	cette	ce	DET	Gender=Fem|Number=Sing|PronType=Dem	3	aventure	det	O	2372	2377	consigne	_	_	_	_	_	_	_	_	_	_	_	_	_
3	aventure	aventure	NOUN	Gender=Fem|Number=Sing	8	sortent	obl:mod	O	2378	2386	consigne	_	_	_	_	_	_	_	_	_	_	_	_	_
4	,	,	PUNCT	_	3	aventure	punct	O	2386	2387	consigne	_	_	_	_	_	_	_	_	_	_	_	_	_
5	les	le	DET	Definite=Def|Number=Plur|PronType=Art	6	enfants	det	O	2388	2391	consigne	_	_	_	_	_	_	_	in_GOui_incertDNon_incertRNon	2388-2399	in_GNon_incertDNon_incertRNon	2388-2399	_	_
6	enfants	enfant	NOUN	Number=Plur	8	sortent	nsubj	O	2392	2399	consigne	_	_	_	_	_	_	_	in_GOui_incertDNon_incertRNon	2388-2399	in_GNon_incertDNon_incertRNon	2388-2399	_	_
7	ne	ne	ADV	Polarity=Neg	8	sortent	advmod	O	2400	2402	consigne	_	_	_	_	_	_	_	_	_	_	_	_	_
8	sortent	sortir	VERB	Mood=Ind|Number=Plur|Person=3|Tense=Pres|VerbForm=Fin	0	root	root	O	2403	2410	consigne	_	_	_	_	_	_	_	_	_	_	_	_	_
9	plus	plus	ADV	Polarity=Neg	8	sortent	advmod	O	2411	2415	consigne	_	_	_	_	_	_	_	_	_	_	_	_	_
10	la	le	DET	Definite=Def|Gender=Fem|Number=Sing|PronType=Art	11	nuit	det	O	2416	2418	consigne	_	_	_	_	_	_	_	_	_	_	_	_	_
11	nuit	nuit	NOUN	Gender=Fem|Number=Sing	8	sortent	obj	O	2419	2423	consigne	_	_	_	_	_	_	_	_	_	_	_	_	_
12	.	.	PUNCT	_	8	sortent	punct	O	2423	2424	_	_	_	_	_	_	_	_	_	_	_	_	_	_
1	Ce	ce	PRON	Gender=Masc|Number=Sing|Person=3|PronType=Dem	13	parlèrent	dislocated	O	2425	2427	_	_	_	_	_	_	_	_	_	_	_	_	_	_
2	qu'	que	PRON	PronType=Rel	5	vu	obj	O	2428	2431	_	_	_	_	_	_	_	_	_	_	_	_	_	_
3	ils	il	PRON	Gender=Masc|Number=Plur|Person=3|PronType=Prs	5	vu	nsubj	O	2431	2434	_	_	_	_	_	_	_	_	is_GOui_incertDNon_incertRNon	2431-2434	is_GNon_incertDNon_incertRNon	2431-2434	_	_
4	avaient	avoir	AUX	Mood=Ind|Number=Plur|Person=3|Tense=Imp|VerbForm=Fin	5	vu	aux:tense	O	2435	2442	_	_	_	_	_	_	_	_	_	_	_	_	_	_
5	vu	voir	VERB	Gender=Masc|Number=Sing|Tense=Past|VerbForm=Part	1	Ce	acl:relcl	O	2443	2445	_	_	_	_	_	_	_	_	_	_	_	_	_	_
6	ce	ce	DET	Gender=Masc|Number=Sing|PronType=Dem	7	soir	det	O	2446	2448	_	_	_	_	_	_	_	_	_	_	_	_	_	_
7	soir	soir	NOUN	Gender=Masc|Number=Sing	5	vu	obl:mod	O	2449	2453	_	_	_	_	_	_	_	_	_	_	_	_	_	_
8	-là	là	ADV	_	7	soir	advmod	O	2453	2456	_	_	_	_	_	_	_	_	_	_	_	_	_	_
9	,	,	PUNCT	_	1	Ce	punct	O	2456	2457	_	_	_	_	_	_	_	_	_	_	_	_	_	_
10	ils	il	PRON	Gender=Masc|Number=Plur|Person=3|PronType=Prs	13	parlèrent	nsubj	O	2458	2461	_	_	_	_	_	_	_	_	is_GOui_incertDNon_incertRNon	2458-2461	is_GNon_incertDNon_incertRNon	2458-2461	_	_
11	n'	ne	ADV	Polarity=Neg	13	parlèrent	advmod	O	2462	2464	_	_	_	_	_	_	_	_	_	_	_	_	_	_
12	en	en	PRON	Person=3|PronType=Prs	13	parlèrent	obl:arg	O	2464	2466	_	_	_	_	_	_	_	_	_	_	_	_	_	_
13	parlèrent	parler	VERB	Mood=Ind|Number=Plur|Person=3|Tense=Past|VerbForm=Fin	0	root	root	O	2467	2476	_	_	_	_	_	_	_	_	_	_	_	_	_	_
14	jamais	jamais	ADV	Polarity=Neg	13	parlèrent	advmod	O	2477	2483	_	_	_	_	_	_	_	_	_	_	_	_	_	_
15	.	.	PUNCT	_	13	parlèrent	punct	O	2483	2484	_	_	_	_	_	_	_	_	_	_	_	_	_	_
1	Personne	personne	PRON	Gender=Masc|Number=Sing|Person=3|PronType=Neg	4	su	nsubj	O	2485	2493	_	_	_	_	_	_	_	_	_	_	_	_	_	_
2	ne	ne	ADV	Polarity=Neg	4	su	advmod	O	2494	2496	_	_	_	_	_	_	_	_	_	_	_	_	_	_
3	le	le	PRON	Gender=Masc|Number=Sing|Person=3|PronType=Prs	4	su	obj	O	2497	2499	_	_	_	_	_	_	_	_	_	_	_	_	_	_
4	su	savoir	VERB	Mood=Ind|Number=Sing|Person=3|Tense=Pres|VerbForm=Fin	0	root	root	O	2500	2502	_	_	_	_	_	_	_	_	_	_	_	_	_	_
5	mais	mais	CCONJ	_	11	posée	cc	O	2503	2507	_	_	_	_	_	_	_	_	_	_	_	_	_	_
6	plus	plus	ADV	_	11	posée	advmod	O	2508	2512	_	_	_	_	_	_	_	_	_	_	_	_	_	_
7	aucune	aucun	DET	Gender=Fem|Number=Sing|PronType=Neg	8	question	det	O	2513	2519	_	_	_	_	_	_	_	_	_	_	_	_	_	_
8	question	question	NOUN	Gender=Fem|Number=Sing	11	posée	nsubj:pass	O	2520	2528	_	_	_	_	_	_	_	_	_	_	_	_	_	_
9	ne	ne	ADV	Polarity=Neg	11	posée	advmod	O	2529	2531	_	_	_	_	_	_	_	_	_	_	_	_	_	_
10	fut	être	AUX	Mood=Ind|Number=Sing|Person=3|Tense=Past|VerbForm=Fin	11	posée	aux:pass	O	2532	2535	_	_	_	_	_	_	_	_	_	_	_	_	_	_
11	posée	poser	VERB	Gender=Fem|Number=Sing|Tense=Past|VerbForm=Part	4	su	conj	O	2536	2541	_	_	_	_	_	_	_	_	_	_	_	_	_	_
12	et	et	CCONJ	_	15	vit	cc	O	2542	2544	_	_	_	_	_	_	_	_	_	_	_	_	_	_
13	on	on	PRON	Gender=Masc|Number=Sing|Person=3|PronType=Ind	15	vit	nsubj	O	2545	2547	_	_	_	_	_	_	_	_	_	_	_	_	_	_
14	ne	ne	ADV	Polarity=Neg	15	vit	advmod	O	2548	2550	_	_	_	_	_	_	_	_	_	_	_	_	_	_
15	vit	vivre	VERB	Mood=Ind|Number=Sing|Person=3|Tense=Pres|VerbForm=Fin	4	su	conj	O	2551	2554	_	_	_	_	_	_	_	_	_	_	_	_	_	_
16	plus	plus	ADV	Polarity=Neg	15	vit	advmod	O	2555	2559	_	_	_	_	_	_	_	_	_	_	_	_	_	_
17	jamais	jamais	ADV	Polarity=Neg	15	vit	advmod	O	2560	2566	_	_	_	_	_	_	_	_	_	_	_	_	_	_
18	le	le	DET	Definite=Def|Gender=Masc|Number=Sing|PronType=Art	20	Marius	det	O	2567	2569	_	_	_	_	_	_	_	_	in_GNon_incertDNon_incertRNon	2567-2582	_	_	_	_
19	jeune	jeune	ADJ	Gender=Masc|Number=Sing	20	Marius	amod	O	2570	2575	_	_	_	_	_	_	_	_	in_GNon_incertDNon_incertRNon	2567-2582	_	_	_	_
20	Marius	Marius	PROPN	Gender=Masc|Number=Sing	22	arrêter	nsubj	S-PER	2576	2582	_	_	_	_	_	_	_	_	in_GNon_incertDNon_incertRNon	2567-2582	_	_	_	_
21	s'	se	PRON	Person=3|PronType=Prs	22	arrêter	obj	O	2583	2585	_	_	_	_	_	_	_	_	_	_	_	_	_	_
22	arrêter	arrêter	VERB	VerbForm=Inf	15	vit	xcomp	O	2585	2592	_	_	_	_	_	_	_	_	_	_	_	_	_	_
23	devant	devant	ADP	_	25	maison	case	O	2593	2599	_	_	_	_	_	_	_	_	_	_	_	_	_	_
24	la	le	DET	Definite=Def|Gender=Fem|Number=Sing|PronType=Art	25	maison	det	O	2600	2602	_	_	_	_	_	_	_	_	_	_	_	_	_	_
25	maison	maison	NOUN	Gender=Fem|Number=Sing	22	arrêter	obl:mod	O	2603	2609	_	_	_	_	_	_	_	_	_	_	_	_	_	_
26	rouge	rouge	ADJ	Gender=Fem|Number=Sing	25	maison	amod	O	2610	2615	_	_	_	_	_	_	_	_	_	_	_	_	_	_
27	.	.	PUNCT	_	4	su	punct	O	2615	2616	_	_	_	_	_	_	_	_	_	_	_	_	_	_
